<application>
  <component name="ProjectJdkTable">
    <jdk version="2">
      <name value="Kotlin SDK" />
      <type value="KotlinSDK" />
      <version value="1.3.60-eap-25" />
      <homePath value="C:\Program Files\Android\Android Studio\plugins\Kotlin\kotlinc" />
      <roots>
        <annotationsPath>
          <root type="composite" />
        </annotationsPath>
        <classPath>
          <root type="composite" />
        </classPath>
        <javadocPath>
          <root type="composite" />
        </javadocPath>
        <sourcePath>
          <root type="composite" />
        </sourcePath>
      </roots>
      <additional />
    </jdk>
    <jdk version="2">
      <name value="Android API 30 Platform" />
      <type value="Android SDK" />
      <version value="java version &quot;15.0.2&quot;" />
      <homePath value="$USER_HOME$/AppData/Local/Android/Sdk" />
      <roots>
        <annotationsPath>
          <root type="composite">
            <root url="jar://$USER_HOME$/AppData/Local/Android/Sdk/platforms/android-30/data/annotations.zip!/" type="simple" />
          </root>
        </annotationsPath>
        <classPath>
          <root type="composite">
            <root url="jar://$USER_HOME$/AppData/Local/Android/Sdk/platforms/android-30/android.jar!/" type="simple" />
            <root url="file://$USER_HOME$/AppData/Local/Android/Sdk/platforms/android-30/data/res" type="simple" />
          </root>
        </classPath>
        <javadocPath>
          <root type="composite" />
        </javadocPath>
        <sourcePath>
          <root type="composite">
            <root url="file://$USER_HOME$/AppData/Local/Android/Sdk/sources/android-30" type="simple" />
          </root>
        </sourcePath>
      </roots>
      <additional jdk="Embedded JDK" sdk="android-30" />
    </jdk>
    <jdk version="2">
      <name value="Embedded JDK" />
      <type value="JavaSDK" />
      <version value="version 11.0.11" />
      <homePath value="$APPLICATION_HOME_DIR$/jre" />
      <roots>
        <annotationsPath>
          <root type="composite">
            <root url="jar://$APPLICATION_HOME_DIR$/plugins/java/lib/jdkAnnotations.jar!/" type="simple" />
          </root>
        </annotationsPath>
        <classPath>
          <root type="composite">
            <root url="jrt://C:/Program Files/Android/android-studio/jre!/java.base" type="simple" />
            <root url="jrt://C:/Program Files/Android/android-studio/jre!/java.compiler" type="simple" />
            <root url="jrt://C:/Program Files/Android/android-studio/jre!/java.datatransfer" type="simple" />
            <root url="jrt://C:/Program Files/Android/android-studio/jre!/java.desktop" type="simple" />
            <root url="jrt://C:/Program Files/Android/android-studio/jre!/java.instrument" type="simple" />
            <root url="jrt://C:/Program Files/Android/android-studio/jre!/java.logging" type="simple" />
            <root url="jrt://C:/Program Files/Android/android-studio/jre!/java.management" type="simple" />
            <root url="jrt://C:/Program Files/Android/android-studio/jre!/java.management.rmi" type="simple" />
            <root url="jrt://C:/Program Files/Android/android-studio/jre!/java.naming" type="simple" />
            <root url="jrt://C:/Program Files/Android/android-studio/jre!/java.net.http" type="simple" />
            <root url="jrt://C:/Program Files/Android/android-studio/jre!/java.prefs" type="simple" />
            <root url="jrt://C:/Program Files/Android/android-studio/jre!/java.rmi" type="simple" />
            <root url="jrt://C:/Program Files/Android/android-studio/jre!/java.scripting" type="simple" />
            <root url="jrt://C:/Program Files/Android/android-studio/jre!/java.se" type="simple" />
            <root url="jrt://C:/Program Files/Android/android-studio/jre!/java.security.jgss" type="simple" />
            <root url="jrt://C:/Program Files/Android/android-studio/jre!/java.security.sasl" type="simple" />
            <root url="jrt://C:/Program Files/Android/android-studio/jre!/java.smartcardio" type="simple" />
            <root url="jrt://C:/Program Files/Android/android-studio/jre!/java.sql" type="simple" />
            <root url="jrt://C:/Program Files/Android/android-studio/jre!/java.sql.rowset" type="simple" />
            <root url="jrt://C:/Program Files/Android/android-studio/jre!/java.transaction.xa" type="simple" />
            <root url="jrt://C:/Program Files/Android/android-studio/jre!/java.xml" type="simple" />
            <root url="jrt://C:/Program Files/Android/android-studio/jre!/java.xml.crypto" type="simple" />
            <root url="jrt://C:/Program Files/Android/android-studio/jre!/jdk.accessibility" type="simple" />
            <root url="jrt://C:/Program Files/Android/android-studio/jre!/jdk.aot" type="simple" />
            <root url="jrt://C:/Program Files/Android/android-studio/jre!/jdk.attach" type="simple" />
            <root url="jrt://C:/Program Files/Android/android-studio/jre!/jdk.charsets" type="simple" />
            <root url="jrt://C:/Program Files/Android/android-studio/jre!/jdk.compiler" type="simple" />
            <root url="jrt://C:/Program Files/Android/android-studio/jre!/jdk.crypto.cryptoki" type="simple" />
            <root url="jrt://C:/Program Files/Android/android-studio/jre!/jdk.crypto.ec" type="simple" />
            <root url="jrt://C:/Program Files/Android/android-studio/jre!/jdk.dynalink" type="simple" />
            <root url="jrt://C:/Program Files/Android/android-studio/jre!/jdk.hotspot.agent" type="simple" />
            <root url="jrt://C:/Program Files/Android/android-studio/jre!/jdk.httpserver" type="simple" />
            <root url="jrt://C:/Program Files/Android/android-studio/jre!/jdk.internal.ed" type="simple" />
            <root url="jrt://C:/Program Files/Android/android-studio/jre!/jdk.internal.jvmstat" type="simple" />
            <root url="jrt://C:/Program Files/Android/android-studio/jre!/jdk.internal.le" type="simple" />
            <root url="jrt://C:/Program Files/Android/android-studio/jre!/jdk.internal.opt" type="simple" />
            <root url="jrt://C:/Program Files/Android/android-studio/jre!/jdk.internal.vm.ci" type="simple" />
            <root url="jrt://C:/Program Files/Android/android-studio/jre!/jdk.internal.vm.compiler" type="simple" />
            <root url="jrt://C:/Program Files/Android/android-studio/jre!/jdk.internal.vm.compiler.management" type="simple" />
            <root url="jrt://C:/Program Files/Android/android-studio/jre!/jdk.jartool" type="simple" />
            <root url="jrt://C:/Program Files/Android/android-studio/jre!/jdk.javadoc" type="simple" />
            <root url="jrt://C:/Program Files/Android/android-studio/jre!/jdk.jdeps" type="simple" />
            <root url="jrt://C:/Program Files/Android/android-studio/jre!/jdk.jdi" type="simple" />
            <root url="jrt://C:/Program Files/Android/android-studio/jre!/jdk.jdwp.agent" type="simple" />
            <root url="jrt://C:/Program Files/Android/android-studio/jre!/jdk.jfr" type="simple" />
            <root url="jrt://C:/Program Files/Android/android-studio/jre!/jdk.jlink" type="simple" />
            <root url="jrt://C:/Program Files/Android/android-studio/jre!/jdk.jsobject" type="simple" />
            <root url="jrt://C:/Program Files/Android/android-studio/jre!/jdk.localedata" type="simple" />
            <root url="jrt://C:/Program Files/Android/android-studio/jre!/jdk.management" type="simple" />
            <root url="jrt://C:/Program Files/Android/android-studio/jre!/jdk.management.agent" type="simple" />
            <root url="jrt://C:/Program Files/Android/android-studio/jre!/jdk.management.jfr" type="simple" />
            <root url="jrt://C:/Program Files/Android/android-studio/jre!/jdk.naming.dns" type="simple" />
            <root url="jrt://C:/Program Files/Android/android-studio/jre!/jdk.naming.rmi" type="simple" />
            <root url="jrt://C:/Program Files/Android/android-studio/jre!/jdk.net" type="simple" />
            <root url="jrt://C:/Program Files/Android/android-studio/jre!/jdk.pack" type="simple" />
            <root url="jrt://C:/Program Files/Android/android-studio/jre!/jdk.scripting.nashorn" type="simple" />
            <root url="jrt://C:/Program Files/Android/android-studio/jre!/jdk.scripting.nashorn.shell" type="simple" />
            <root url="jrt://C:/Program Files/Android/android-studio/jre!/jdk.sctp" type="simple" />
            <root url="jrt://C:/Program Files/Android/android-studio/jre!/jdk.security.auth" type="simple" />
            <root url="jrt://C:/Program Files/Android/android-studio/jre!/jdk.security.jgss" type="simple" />
            <root url="jrt://C:/Program Files/Android/android-studio/jre!/jdk.unsupported" type="simple" />
            <root url="jrt://C:/Program Files/Android/android-studio/jre!/jdk.xml.dom" type="simple" />
            <root url="jrt://C:/Program Files/Android/android-studio/jre!/jdk.zipfs" type="simple" />
          </root>
        </classPath>
        <javadocPath>
          <root type="composite" />
        </javadocPath>
        <sourcePath>
          <root type="composite" />
        </sourcePath>
      </roots>
      <additional />
    </jdk>
    <jdk version="2">
      <name value="Android Studio java home" />
      <type value="JavaSDK" />
      <version value="version 11.0.12" />
      <homePath value="$APPLICATION_HOME_DIR$/jre" />
      <roots>
        <annotationsPath>
          <root type="composite">
            <root url="jar://$APPLICATION_HOME_DIR$/plugins/java/lib/jdkAnnotations.jar!/" type="simple" />
          </root>
        </annotationsPath>
        <classPath>
          <root type="composite">
            <root url="jrt://C:/Program Files/Android/android-studio/jre!/java.base" type="simple" />
            <root url="jrt://C:/Program Files/Android/android-studio/jre!/java.compiler" type="simple" />
            <root url="jrt://C:/Program Files/Android/android-studio/jre!/java.datatransfer" type="simple" />
            <root url="jrt://C:/Program Files/Android/android-studio/jre!/java.desktop" type="simple" />
            <root url="jrt://C:/Program Files/Android/android-studio/jre!/java.instrument" type="simple" />
            <root url="jrt://C:/Program Files/Android/android-studio/jre!/java.logging" type="simple" />
            <root url="jrt://C:/Program Files/Android/android-studio/jre!/java.management" type="simple" />
            <root url="jrt://C:/Program Files/Android/android-studio/jre!/java.management.rmi" type="simple" />
            <root url="jrt://C:/Program Files/Android/android-studio/jre!/java.naming" type="simple" />
            <root url="jrt://C:/Program Files/Android/android-studio/jre!/java.net.http" type="simple" />
            <root url="jrt://C:/Program Files/Android/android-studio/jre!/java.prefs" type="simple" />
            <root url="jrt://C:/Program Files/Android/android-studio/jre!/java.rmi" type="simple" />
            <root url="jrt://C:/Program Files/Android/android-studio/jre!/java.scripting" type="simple" />
            <root url="jrt://C:/Program Files/Android/android-studio/jre!/java.se" type="simple" />
            <root url="jrt://C:/Program Files/Android/android-studio/jre!/java.security.jgss" type="simple" />
            <root url="jrt://C:/Program Files/Android/android-studio/jre!/java.security.sasl" type="simple" />
            <root url="jrt://C:/Program Files/Android/android-studio/jre!/java.smartcardio" type="simple" />
            <root url="jrt://C:/Program Files/Android/android-studio/jre!/java.sql" type="simple" />
            <root url="jrt://C:/Program Files/Android/android-studio/jre!/java.sql.rowset" type="simple" />
            <root url="jrt://C:/Program Files/Android/android-studio/jre!/java.transaction.xa" type="simple" />
            <root url="jrt://C:/Program Files/Android/android-studio/jre!/java.xml" type="simple" />
            <root url="jrt://C:/Program Files/Android/android-studio/jre!/java.xml.crypto" type="simple" />
            <root url="jrt://C:/Program Files/Android/android-studio/jre!/jdk.accessibility" type="simple" />
            <root url="jrt://C:/Program Files/Android/android-studio/jre!/jdk.aot" type="simple" />
            <root url="jrt://C:/Program Files/Android/android-studio/jre!/jdk.attach" type="simple" />
            <root url="jrt://C:/Program Files/Android/android-studio/jre!/jdk.charsets" type="simple" />
            <root url="jrt://C:/Program Files/Android/android-studio/jre!/jdk.compiler" type="simple" />
            <root url="jrt://C:/Program Files/Android/android-studio/jre!/jdk.crypto.cryptoki" type="simple" />
            <root url="jrt://C:/Program Files/Android/android-studio/jre!/jdk.crypto.ec" type="simple" />
            <root url="jrt://C:/Program Files/Android/android-studio/jre!/jdk.dynalink" type="simple" />
            <root url="jrt://C:/Program Files/Android/android-studio/jre!/jdk.hotspot.agent" type="simple" />
            <root url="jrt://C:/Program Files/Android/android-studio/jre!/jdk.httpserver" type="simple" />
            <root url="jrt://C:/Program Files/Android/android-studio/jre!/jdk.internal.ed" type="simple" />
            <root url="jrt://C:/Program Files/Android/android-studio/jre!/jdk.internal.jvmstat" type="simple" />
            <root url="jrt://C:/Program Files/Android/android-studio/jre!/jdk.internal.le" type="simple" />
            <root url="jrt://C:/Program Files/Android/android-studio/jre!/jdk.internal.opt" type="simple" />
            <root url="jrt://C:/Program Files/Android/android-studio/jre!/jdk.internal.vm.ci" type="simple" />
            <root url="jrt://C:/Program Files/Android/android-studio/jre!/jdk.internal.vm.compiler" type="simple" />
            <root url="jrt://C:/Program Files/Android/android-studio/jre!/jdk.internal.vm.compiler.management" type="simple" />
            <root url="jrt://C:/Program Files/Android/android-studio/jre!/jdk.jartool" type="simple" />
            <root url="jrt://C:/Program Files/Android/android-studio/jre!/jdk.javadoc" type="simple" />
            <root url="jrt://C:/Program Files/Android/android-studio/jre!/jdk.jdeps" type="simple" />
            <root url="jrt://C:/Program Files/Android/android-studio/jre!/jdk.jdi" type="simple" />
            <root url="jrt://C:/Program Files/Android/android-studio/jre!/jdk.jdwp.agent" type="simple" />
            <root url="jrt://C:/Program Files/Android/android-studio/jre!/jdk.jfr" type="simple" />
            <root url="jrt://C:/Program Files/Android/android-studio/jre!/jdk.jlink" type="simple" />
            <root url="jrt://C:/Program Files/Android/android-studio/jre!/jdk.jsobject" type="simple" />
            <root url="jrt://C:/Program Files/Android/android-studio/jre!/jdk.localedata" type="simple" />
            <root url="jrt://C:/Program Files/Android/android-studio/jre!/jdk.management" type="simple" />
            <root url="jrt://C:/Program Files/Android/android-studio/jre!/jdk.management.agent" type="simple" />
            <root url="jrt://C:/Program Files/Android/android-studio/jre!/jdk.management.jfr" type="simple" />
            <root url="jrt://C:/Program Files/Android/android-studio/jre!/jdk.naming.dns" type="simple" />
            <root url="jrt://C:/Program Files/Android/android-studio/jre!/jdk.naming.rmi" type="simple" />
            <root url="jrt://C:/Program Files/Android/android-studio/jre!/jdk.net" type="simple" />
            <root url="jrt://C:/Program Files/Android/android-studio/jre!/jdk.pack" type="simple" />
            <root url="jrt://C:/Program Files/Android/android-studio/jre!/jdk.scripting.nashorn" type="simple" />
            <root url="jrt://C:/Program Files/Android/android-studio/jre!/jdk.scripting.nashorn.shell" type="simple" />
            <root url="jrt://C:/Program Files/Android/android-studio/jre!/jdk.sctp" type="simple" />
            <root url="jrt://C:/Program Files/Android/android-studio/jre!/jdk.security.auth" type="simple" />
            <root url="jrt://C:/Program Files/Android/android-studio/jre!/jdk.security.jgss" type="simple" />
            <root url="jrt://C:/Program Files/Android/android-studio/jre!/jdk.unsupported" type="simple" />
            <root url="jrt://C:/Program Files/Android/android-studio/jre!/jdk.xml.dom" type="simple" />
            <root url="jrt://C:/Program Files/Android/android-studio/jre!/jdk.zipfs" type="simple" />
          </root>
        </classPath>
        <javadocPath>
          <root type="composite" />
        </javadocPath>
        <sourcePath>
          <root type="composite" />
        </sourcePath>
      </roots>
      <additional />
    </jdk>
    <jdk version="2">
      <name value="16" />
      <type value="JavaSDK" />
      <version value="version 16.0.1" />
      <homePath value="C:/Program Files/Java/jdk-16.0.1" />
      <roots>
        <annotationsPath>
          <root type="composite">
            <root url="jar://$APPLICATION_HOME_DIR$/plugins/java/lib/jdkAnnotations.jar!/" type="simple" />
          </root>
        </annotationsPath>
        <classPath>
          <root type="composite">
            <root url="jrt://C:/Program Files/Java/jdk-16.0.1!/java.base" type="simple" />
            <root url="jrt://C:/Program Files/Java/jdk-16.0.1!/java.compiler" type="simple" />
            <root url="jrt://C:/Program Files/Java/jdk-16.0.1!/java.datatransfer" type="simple" />
            <root url="jrt://C:/Program Files/Java/jdk-16.0.1!/java.desktop" type="simple" />
            <root url="jrt://C:/Program Files/Java/jdk-16.0.1!/java.instrument" type="simple" />
            <root url="jrt://C:/Program Files/Java/jdk-16.0.1!/java.logging" type="simple" />
            <root url="jrt://C:/Program Files/Java/jdk-16.0.1!/java.management" type="simple" />
            <root url="jrt://C:/Program Files/Java/jdk-16.0.1!/java.management.rmi" type="simple" />
            <root url="jrt://C:/Program Files/Java/jdk-16.0.1!/java.naming" type="simple" />
            <root url="jrt://C:/Program Files/Java/jdk-16.0.1!/java.net.http" type="simple" />
            <root url="jrt://C:/Program Files/Java/jdk-16.0.1!/java.prefs" type="simple" />
            <root url="jrt://C:/Program Files/Java/jdk-16.0.1!/java.rmi" type="simple" />
            <root url="jrt://C:/Program Files/Java/jdk-16.0.1!/java.scripting" type="simple" />
            <root url="jrt://C:/Program Files/Java/jdk-16.0.1!/java.se" type="simple" />
            <root url="jrt://C:/Program Files/Java/jdk-16.0.1!/java.security.jgss" type="simple" />
            <root url="jrt://C:/Program Files/Java/jdk-16.0.1!/java.security.sasl" type="simple" />
            <root url="jrt://C:/Program Files/Java/jdk-16.0.1!/java.smartcardio" type="simple" />
            <root url="jrt://C:/Program Files/Java/jdk-16.0.1!/java.sql" type="simple" />
            <root url="jrt://C:/Program Files/Java/jdk-16.0.1!/java.sql.rowset" type="simple" />
            <root url="jrt://C:/Program Files/Java/jdk-16.0.1!/java.transaction.xa" type="simple" />
            <root url="jrt://C:/Program Files/Java/jdk-16.0.1!/java.xml" type="simple" />
            <root url="jrt://C:/Program Files/Java/jdk-16.0.1!/java.xml.crypto" type="simple" />
            <root url="jrt://C:/Program Files/Java/jdk-16.0.1!/jdk.accessibility" type="simple" />
            <root url="jrt://C:/Program Files/Java/jdk-16.0.1!/jdk.attach" type="simple" />
            <root url="jrt://C:/Program Files/Java/jdk-16.0.1!/jdk.charsets" type="simple" />
            <root url="jrt://C:/Program Files/Java/jdk-16.0.1!/jdk.compiler" type="simple" />
            <root url="jrt://C:/Program Files/Java/jdk-16.0.1!/jdk.crypto.cryptoki" type="simple" />
            <root url="jrt://C:/Program Files/Java/jdk-16.0.1!/jdk.crypto.ec" type="simple" />
            <root url="jrt://C:/Program Files/Java/jdk-16.0.1!/jdk.crypto.mscapi" type="simple" />
            <root url="jrt://C:/Program Files/Java/jdk-16.0.1!/jdk.dynalink" type="simple" />
            <root url="jrt://C:/Program Files/Java/jdk-16.0.1!/jdk.editpad" type="simple" />
            <root url="jrt://C:/Program Files/Java/jdk-16.0.1!/jdk.hotspot.agent" type="simple" />
            <root url="jrt://C:/Program Files/Java/jdk-16.0.1!/jdk.httpserver" type="simple" />
            <root url="jrt://C:/Program Files/Java/jdk-16.0.1!/jdk.incubator.foreign" type="simple" />
            <root url="jrt://C:/Program Files/Java/jdk-16.0.1!/jdk.incubator.vector" type="simple" />
            <root url="jrt://C:/Program Files/Java/jdk-16.0.1!/jdk.internal.ed" type="simple" />
            <root url="jrt://C:/Program Files/Java/jdk-16.0.1!/jdk.internal.jvmstat" type="simple" />
            <root url="jrt://C:/Program Files/Java/jdk-16.0.1!/jdk.internal.le" type="simple" />
            <root url="jrt://C:/Program Files/Java/jdk-16.0.1!/jdk.internal.opt" type="simple" />
            <root url="jrt://C:/Program Files/Java/jdk-16.0.1!/jdk.internal.vm.ci" type="simple" />
            <root url="jrt://C:/Program Files/Java/jdk-16.0.1!/jdk.jartool" type="simple" />
            <root url="jrt://C:/Program Files/Java/jdk-16.0.1!/jdk.javadoc" type="simple" />
            <root url="jrt://C:/Program Files/Java/jdk-16.0.1!/jdk.jcmd" type="simple" />
            <root url="jrt://C:/Program Files/Java/jdk-16.0.1!/jdk.jconsole" type="simple" />
            <root url="jrt://C:/Program Files/Java/jdk-16.0.1!/jdk.jdeps" type="simple" />
            <root url="jrt://C:/Program Files/Java/jdk-16.0.1!/jdk.jdi" type="simple" />
            <root url="jrt://C:/Program Files/Java/jdk-16.0.1!/jdk.jdwp.agent" type="simple" />
            <root url="jrt://C:/Program Files/Java/jdk-16.0.1!/jdk.jfr" type="simple" />
            <root url="jrt://C:/Program Files/Java/jdk-16.0.1!/jdk.jlink" type="simple" />
            <root url="jrt://C:/Program Files/Java/jdk-16.0.1!/jdk.jpackage" type="simple" />
            <root url="jrt://C:/Program Files/Java/jdk-16.0.1!/jdk.jshell" type="simple" />
            <root url="jrt://C:/Program Files/Java/jdk-16.0.1!/jdk.jsobject" type="simple" />
            <root url="jrt://C:/Program Files/Java/jdk-16.0.1!/jdk.jstatd" type="simple" />
            <root url="jrt://C:/Program Files/Java/jdk-16.0.1!/jdk.localedata" type="simple" />
            <root url="jrt://C:/Program Files/Java/jdk-16.0.1!/jdk.management" type="simple" />
            <root url="jrt://C:/Program Files/Java/jdk-16.0.1!/jdk.management.agent" type="simple" />
            <root url="jrt://C:/Program Files/Java/jdk-16.0.1!/jdk.management.jfr" type="simple" />
            <root url="jrt://C:/Program Files/Java/jdk-16.0.1!/jdk.naming.dns" type="simple" />
            <root url="jrt://C:/Program Files/Java/jdk-16.0.1!/jdk.naming.rmi" type="simple" />
            <root url="jrt://C:/Program Files/Java/jdk-16.0.1!/jdk.net" type="simple" />
            <root url="jrt://C:/Program Files/Java/jdk-16.0.1!/jdk.nio.mapmode" type="simple" />
            <root url="jrt://C:/Program Files/Java/jdk-16.0.1!/jdk.sctp" type="simple" />
            <root url="jrt://C:/Program Files/Java/jdk-16.0.1!/jdk.security.auth" type="simple" />
            <root url="jrt://C:/Program Files/Java/jdk-16.0.1!/jdk.security.jgss" type="simple" />
            <root url="jrt://C:/Program Files/Java/jdk-16.0.1!/jdk.unsupported" type="simple" />
            <root url="jrt://C:/Program Files/Java/jdk-16.0.1!/jdk.unsupported.desktop" type="simple" />
            <root url="jrt://C:/Program Files/Java/jdk-16.0.1!/jdk.xml.dom" type="simple" />
            <root url="jrt://C:/Program Files/Java/jdk-16.0.1!/jdk.zipfs" type="simple" />
          </root>
        </classPath>
        <javadocPath>
          <root type="composite" />
        </javadocPath>
        <sourcePath>
          <root type="composite">
            <root url="jar://C:/Program Files/Java/jdk-16.0.1/lib/src.zip!/java.se" type="simple" />
            <root url="jar://C:/Program Files/Java/jdk-16.0.1/lib/src.zip!/jdk.jdi" type="simple" />
            <root url="jar://C:/Program Files/Java/jdk-16.0.1/lib/src.zip!/jdk.jfr" type="simple" />
            <root url="jar://C:/Program Files/Java/jdk-16.0.1/lib/src.zip!/jdk.net" type="simple" />
            <root url="jar://C:/Program Files/Java/jdk-16.0.1/lib/src.zip!/java.rmi" type="simple" />
            <root url="jar://C:/Program Files/Java/jdk-16.0.1/lib/src.zip!/java.sql" type="simple" />
            <root url="jar://C:/Program Files/Java/jdk-16.0.1/lib/src.zip!/java.xml" type="simple" />
            <root url="jar://C:/Program Files/Java/jdk-16.0.1/lib/src.zip!/jdk.jcmd" type="simple" />
            <root url="jar://C:/Program Files/Java/jdk-16.0.1/lib/src.zip!/jdk.sctp" type="simple" />
            <root url="jar://C:/Program Files/Java/jdk-16.0.1/lib/src.zip!/java.base" type="simple" />
            <root url="jar://C:/Program Files/Java/jdk-16.0.1/lib/src.zip!/jdk.jdeps" type="simple" />
            <root url="jar://C:/Program Files/Java/jdk-16.0.1/lib/src.zip!/jdk.jlink" type="simple" />
            <root url="jar://C:/Program Files/Java/jdk-16.0.1/lib/src.zip!/jdk.zipfs" type="simple" />
            <root url="jar://C:/Program Files/Java/jdk-16.0.1/lib/src.zip!/java.prefs" type="simple" />
            <root url="jar://C:/Program Files/Java/jdk-16.0.1/lib/src.zip!/jdk.attach" type="simple" />
            <root url="jar://C:/Program Files/Java/jdk-16.0.1/lib/src.zip!/jdk.jshell" type="simple" />
            <root url="jar://C:/Program Files/Java/jdk-16.0.1/lib/src.zip!/jdk.jstatd" type="simple" />
            <root url="jar://C:/Program Files/Java/jdk-16.0.1/lib/src.zip!/java.naming" type="simple" />
            <root url="jar://C:/Program Files/Java/jdk-16.0.1/lib/src.zip!/jdk.editpad" type="simple" />
            <root url="jar://C:/Program Files/Java/jdk-16.0.1/lib/src.zip!/jdk.jartool" type="simple" />
            <root url="jar://C:/Program Files/Java/jdk-16.0.1/lib/src.zip!/jdk.javadoc" type="simple" />
            <root url="jar://C:/Program Files/Java/jdk-16.0.1/lib/src.zip!/jdk.xml.dom" type="simple" />
            <root url="jar://C:/Program Files/Java/jdk-16.0.1/lib/src.zip!/java.desktop" type="simple" />
            <root url="jar://C:/Program Files/Java/jdk-16.0.1/lib/src.zip!/java.logging" type="simple" />
            <root url="jar://C:/Program Files/Java/jdk-16.0.1/lib/src.zip!/jdk.charsets" type="simple" />
            <root url="jar://C:/Program Files/Java/jdk-16.0.1/lib/src.zip!/jdk.compiler" type="simple" />
            <root url="jar://C:/Program Files/Java/jdk-16.0.1/lib/src.zip!/jdk.dynalink" type="simple" />
            <root url="jar://C:/Program Files/Java/jdk-16.0.1/lib/src.zip!/jdk.jconsole" type="simple" />
            <root url="jar://C:/Program Files/Java/jdk-16.0.1/lib/src.zip!/jdk.jpackage" type="simple" />
            <root url="jar://C:/Program Files/Java/jdk-16.0.1/lib/src.zip!/jdk.jsobject" type="simple" />
            <root url="jar://C:/Program Files/Java/jdk-16.0.1/lib/src.zip!/java.compiler" type="simple" />
            <root url="jar://C:/Program Files/Java/jdk-16.0.1/lib/src.zip!/java.net.http" type="simple" />
            <root url="jar://C:/Program Files/Java/jdk-16.0.1/lib/src.zip!/jdk.crypto.ec" type="simple" />
            <root url="jar://C:/Program Files/Java/jdk-16.0.1/lib/src.zip!/java.scripting" type="simple" />
            <root url="jar://C:/Program Files/Java/jdk-16.0.1/lib/src.zip!/jdk.httpserver" type="simple" />
            <root url="jar://C:/Program Files/Java/jdk-16.0.1/lib/src.zip!/jdk.jdwp.agent" type="simple" />
            <root url="jar://C:/Program Files/Java/jdk-16.0.1/lib/src.zip!/jdk.localedata" type="simple" />
            <root url="jar://C:/Program Files/Java/jdk-16.0.1/lib/src.zip!/jdk.management" type="simple" />
            <root url="jar://C:/Program Files/Java/jdk-16.0.1/lib/src.zip!/jdk.naming.dns" type="simple" />
            <root url="jar://C:/Program Files/Java/jdk-16.0.1/lib/src.zip!/jdk.naming.rmi" type="simple" />
            <root url="jar://C:/Program Files/Java/jdk-16.0.1/lib/src.zip!/java.instrument" type="simple" />
            <root url="jar://C:/Program Files/Java/jdk-16.0.1/lib/src.zip!/java.management" type="simple" />
            <root url="jar://C:/Program Files/Java/jdk-16.0.1/lib/src.zip!/java.sql.rowset" type="simple" />
            <root url="jar://C:/Program Files/Java/jdk-16.0.1/lib/src.zip!/java.xml.crypto" type="simple" />
            <root url="jar://C:/Program Files/Java/jdk-16.0.1/lib/src.zip!/jdk.internal.ed" type="simple" />
            <root url="jar://C:/Program Files/Java/jdk-16.0.1/lib/src.zip!/jdk.internal.le" type="simple" />
            <root url="jar://C:/Program Files/Java/jdk-16.0.1/lib/src.zip!/jdk.nio.mapmode" type="simple" />
            <root url="jar://C:/Program Files/Java/jdk-16.0.1/lib/src.zip!/jdk.unsupported" type="simple" />
            <root url="jar://C:/Program Files/Java/jdk-16.0.1/lib/src.zip!/java.smartcardio" type="simple" />
            <root url="jar://C:/Program Files/Java/jdk-16.0.1/lib/src.zip!/jdk.internal.opt" type="simple" />
            <root url="jar://C:/Program Files/Java/jdk-16.0.1/lib/src.zip!/java.datatransfer" type="simple" />
            <root url="jar://C:/Program Files/Java/jdk-16.0.1/lib/src.zip!/jdk.accessibility" type="simple" />
            <root url="jar://C:/Program Files/Java/jdk-16.0.1/lib/src.zip!/jdk.crypto.mscapi" type="simple" />
            <root url="jar://C:/Program Files/Java/jdk-16.0.1/lib/src.zip!/jdk.hotspot.agent" type="simple" />
            <root url="jar://C:/Program Files/Java/jdk-16.0.1/lib/src.zip!/jdk.security.auth" type="simple" />
            <root url="jar://C:/Program Files/Java/jdk-16.0.1/lib/src.zip!/jdk.security.jgss" type="simple" />
            <root url="jar://C:/Program Files/Java/jdk-16.0.1/lib/src.zip!/java.security.jgss" type="simple" />
            <root url="jar://C:/Program Files/Java/jdk-16.0.1/lib/src.zip!/java.security.sasl" type="simple" />
            <root url="jar://C:/Program Files/Java/jdk-16.0.1/lib/src.zip!/jdk.internal.vm.ci" type="simple" />
            <root url="jar://C:/Program Files/Java/jdk-16.0.1/lib/src.zip!/jdk.management.jfr" type="simple" />
            <root url="jar://C:/Program Files/Java/jdk-16.0.1/lib/src.zip!/java.management.rmi" type="simple" />
            <root url="jar://C:/Program Files/Java/jdk-16.0.1/lib/src.zip!/java.transaction.xa" type="simple" />
            <root url="jar://C:/Program Files/Java/jdk-16.0.1/lib/src.zip!/jdk.crypto.cryptoki" type="simple" />
            <root url="jar://C:/Program Files/Java/jdk-16.0.1/lib/src.zip!/jdk.incubator.vector" type="simple" />
            <root url="jar://C:/Program Files/Java/jdk-16.0.1/lib/src.zip!/jdk.internal.jvmstat" type="simple" />
            <root url="jar://C:/Program Files/Java/jdk-16.0.1/lib/src.zip!/jdk.management.agent" type="simple" />
            <root url="jar://C:/Program Files/Java/jdk-16.0.1/lib/src.zip!/jdk.incubator.foreign" type="simple" />
            <root url="jar://C:/Program Files/Java/jdk-16.0.1/lib/src.zip!/jdk.unsupported.desktop" type="simple" />
          </root>
        </sourcePath>
      </roots>
      <additional />
    </jdk>
    <jdk version="2">
      <name value="11" />
      <type value="JavaSDK" />
      <version value="version 11.0.12" />
      <homePath value="$APPLICATION_HOME_DIR$/jre" />
      <roots>
        <annotationsPath>
          <root type="composite">
            <root url="jar://$APPLICATION_HOME_DIR$/plugins/java/lib/jdkAnnotations.jar!/" type="simple" />
          </root>
        </annotationsPath>
        <classPath>
          <root type="composite">
            <root url="jrt://C:/Program Files/Android/android-studio/jre!/java.base" type="simple" />
            <root url="jrt://C:/Program Files/Android/android-studio/jre!/java.compiler" type="simple" />
            <root url="jrt://C:/Program Files/Android/android-studio/jre!/java.datatransfer" type="simple" />
            <root url="jrt://C:/Program Files/Android/android-studio/jre!/java.desktop" type="simple" />
            <root url="jrt://C:/Program Files/Android/android-studio/jre!/java.instrument" type="simple" />
            <root url="jrt://C:/Program Files/Android/android-studio/jre!/java.logging" type="simple" />
            <root url="jrt://C:/Program Files/Android/android-studio/jre!/java.management" type="simple" />
            <root url="jrt://C:/Program Files/Android/android-studio/jre!/java.management.rmi" type="simple" />
            <root url="jrt://C:/Program Files/Android/android-studio/jre!/java.naming" type="simple" />
            <root url="jrt://C:/Program Files/Android/android-studio/jre!/java.net.http" type="simple" />
            <root url="jrt://C:/Program Files/Android/android-studio/jre!/java.prefs" type="simple" />
            <root url="jrt://C:/Program Files/Android/android-studio/jre!/java.rmi" type="simple" />
            <root url="jrt://C:/Program Files/Android/android-studio/jre!/java.scripting" type="simple" />
            <root url="jrt://C:/Program Files/Android/android-studio/jre!/java.se" type="simple" />
            <root url="jrt://C:/Program Files/Android/android-studio/jre!/java.security.jgss" type="simple" />
            <root url="jrt://C:/Program Files/Android/android-studio/jre!/java.security.sasl" type="simple" />
            <root url="jrt://C:/Program Files/Android/android-studio/jre!/java.smartcardio" type="simple" />
            <root url="jrt://C:/Program Files/Android/android-studio/jre!/java.sql" type="simple" />
            <root url="jrt://C:/Program Files/Android/android-studio/jre!/java.sql.rowset" type="simple" />
            <root url="jrt://C:/Program Files/Android/android-studio/jre!/java.transaction.xa" type="simple" />
            <root url="jrt://C:/Program Files/Android/android-studio/jre!/java.xml" type="simple" />
            <root url="jrt://C:/Program Files/Android/android-studio/jre!/java.xml.crypto" type="simple" />
            <root url="jrt://C:/Program Files/Android/android-studio/jre!/jdk.accessibility" type="simple" />
            <root url="jrt://C:/Program Files/Android/android-studio/jre!/jdk.aot" type="simple" />
            <root url="jrt://C:/Program Files/Android/android-studio/jre!/jdk.attach" type="simple" />
            <root url="jrt://C:/Program Files/Android/android-studio/jre!/jdk.charsets" type="simple" />
            <root url="jrt://C:/Program Files/Android/android-studio/jre!/jdk.compiler" type="simple" />
            <root url="jrt://C:/Program Files/Android/android-studio/jre!/jdk.crypto.cryptoki" type="simple" />
            <root url="jrt://C:/Program Files/Android/android-studio/jre!/jdk.crypto.ec" type="simple" />
            <root url="jrt://C:/Program Files/Android/android-studio/jre!/jdk.dynalink" type="simple" />
            <root url="jrt://C:/Program Files/Android/android-studio/jre!/jdk.hotspot.agent" type="simple" />
            <root url="jrt://C:/Program Files/Android/android-studio/jre!/jdk.httpserver" type="simple" />
            <root url="jrt://C:/Program Files/Android/android-studio/jre!/jdk.internal.ed" type="simple" />
            <root url="jrt://C:/Program Files/Android/android-studio/jre!/jdk.internal.jvmstat" type="simple" />
            <root url="jrt://C:/Program Files/Android/android-studio/jre!/jdk.internal.le" type="simple" />
            <root url="jrt://C:/Program Files/Android/android-studio/jre!/jdk.internal.opt" type="simple" />
            <root url="jrt://C:/Program Files/Android/android-studio/jre!/jdk.internal.vm.ci" type="simple" />
            <root url="jrt://C:/Program Files/Android/android-studio/jre!/jdk.internal.vm.compiler" type="simple" />
            <root url="jrt://C:/Program Files/Android/android-studio/jre!/jdk.internal.vm.compiler.management" type="simple" />
            <root url="jrt://C:/Program Files/Android/android-studio/jre!/jdk.jartool" type="simple" />
            <root url="jrt://C:/Program Files/Android/android-studio/jre!/jdk.javadoc" type="simple" />
            <root url="jrt://C:/Program Files/Android/android-studio/jre!/jdk.jdeps" type="simple" />
            <root url="jrt://C:/Program Files/Android/android-studio/jre!/jdk.jdi" type="simple" />
            <root url="jrt://C:/Program Files/Android/android-studio/jre!/jdk.jdwp.agent" type="simple" />
            <root url="jrt://C:/Program Files/Android/android-studio/jre!/jdk.jfr" type="simple" />
            <root url="jrt://C:/Program Files/Android/android-studio/jre!/jdk.jlink" type="simple" />
            <root url="jrt://C:/Program Files/Android/android-studio/jre!/jdk.jsobject" type="simple" />
            <root url="jrt://C:/Program Files/Android/android-studio/jre!/jdk.localedata" type="simple" />
            <root url="jrt://C:/Program Files/Android/android-studio/jre!/jdk.management" type="simple" />
            <root url="jrt://C:/Program Files/Android/android-studio/jre!/jdk.management.agent" type="simple" />
            <root url="jrt://C:/Program Files/Android/android-studio/jre!/jdk.management.jfr" type="simple" />
            <root url="jrt://C:/Program Files/Android/android-studio/jre!/jdk.naming.dns" type="simple" />
            <root url="jrt://C:/Program Files/Android/android-studio/jre!/jdk.naming.rmi" type="simple" />
            <root url="jrt://C:/Program Files/Android/android-studio/jre!/jdk.net" type="simple" />
            <root url="jrt://C:/Program Files/Android/android-studio/jre!/jdk.pack" type="simple" />
            <root url="jrt://C:/Program Files/Android/android-studio/jre!/jdk.scripting.nashorn" type="simple" />
            <root url="jrt://C:/Program Files/Android/android-studio/jre!/jdk.scripting.nashorn.shell" type="simple" />
            <root url="jrt://C:/Program Files/Android/android-studio/jre!/jdk.sctp" type="simple" />
            <root url="jrt://C:/Program Files/Android/android-studio/jre!/jdk.security.auth" type="simple" />
            <root url="jrt://C:/Program Files/Android/android-studio/jre!/jdk.security.jgss" type="simple" />
            <root url="jrt://C:/Program Files/Android/android-studio/jre!/jdk.unsupported" type="simple" />
            <root url="jrt://C:/Program Files/Android/android-studio/jre!/jdk.xml.dom" type="simple" />
            <root url="jrt://C:/Program Files/Android/android-studio/jre!/jdk.zipfs" type="simple" />
          </root>
        </classPath>
        <javadocPath>
          <root type="composite" />
        </javadocPath>
        <sourcePath>
          <root type="composite" />
        </sourcePath>
      </roots>
      <additional />
    </jdk>
    <jdk version="2">
      <name value="azul-15" />
      <type value="JavaSDK" />
      <version value="Azul Zulu Community™ version 15.0.3" />
      <homePath value="$USER_HOME$/.jdks/azul-15.0.3" />
      <roots>
        <annotationsPath>
          <root type="composite">
            <root url="jar://$APPLICATION_HOME_DIR$/plugins/java/lib/jdkAnnotations.jar!/" type="simple" />
          </root>
        </annotationsPath>
        <classPath>
          <root type="composite">
            <root url="jrt://C:/Users/Majorik/.jdks/azul-15.0.3!/java.base" type="simple" />
            <root url="jrt://C:/Users/Majorik/.jdks/azul-15.0.3!/java.compiler" type="simple" />
            <root url="jrt://C:/Users/Majorik/.jdks/azul-15.0.3!/java.datatransfer" type="simple" />
            <root url="jrt://C:/Users/Majorik/.jdks/azul-15.0.3!/java.desktop" type="simple" />
            <root url="jrt://C:/Users/Majorik/.jdks/azul-15.0.3!/java.instrument" type="simple" />
            <root url="jrt://C:/Users/Majorik/.jdks/azul-15.0.3!/java.logging" type="simple" />
            <root url="jrt://C:/Users/Majorik/.jdks/azul-15.0.3!/java.management" type="simple" />
            <root url="jrt://C:/Users/Majorik/.jdks/azul-15.0.3!/java.management.rmi" type="simple" />
            <root url="jrt://C:/Users/Majorik/.jdks/azul-15.0.3!/java.naming" type="simple" />
            <root url="jrt://C:/Users/Majorik/.jdks/azul-15.0.3!/java.net.http" type="simple" />
            <root url="jrt://C:/Users/Majorik/.jdks/azul-15.0.3!/java.prefs" type="simple" />
            <root url="jrt://C:/Users/Majorik/.jdks/azul-15.0.3!/java.rmi" type="simple" />
            <root url="jrt://C:/Users/Majorik/.jdks/azul-15.0.3!/java.scripting" type="simple" />
            <root url="jrt://C:/Users/Majorik/.jdks/azul-15.0.3!/java.se" type="simple" />
            <root url="jrt://C:/Users/Majorik/.jdks/azul-15.0.3!/java.security.jgss" type="simple" />
            <root url="jrt://C:/Users/Majorik/.jdks/azul-15.0.3!/java.security.sasl" type="simple" />
            <root url="jrt://C:/Users/Majorik/.jdks/azul-15.0.3!/java.smartcardio" type="simple" />
            <root url="jrt://C:/Users/Majorik/.jdks/azul-15.0.3!/java.sql" type="simple" />
            <root url="jrt://C:/Users/Majorik/.jdks/azul-15.0.3!/java.sql.rowset" type="simple" />
            <root url="jrt://C:/Users/Majorik/.jdks/azul-15.0.3!/java.transaction.xa" type="simple" />
            <root url="jrt://C:/Users/Majorik/.jdks/azul-15.0.3!/java.xml" type="simple" />
            <root url="jrt://C:/Users/Majorik/.jdks/azul-15.0.3!/java.xml.crypto" type="simple" />
            <root url="jrt://C:/Users/Majorik/.jdks/azul-15.0.3!/jdk.accessibility" type="simple" />
            <root url="jrt://C:/Users/Majorik/.jdks/azul-15.0.3!/jdk.aot" type="simple" />
            <root url="jrt://C:/Users/Majorik/.jdks/azul-15.0.3!/jdk.attach" type="simple" />
            <root url="jrt://C:/Users/Majorik/.jdks/azul-15.0.3!/jdk.charsets" type="simple" />
            <root url="jrt://C:/Users/Majorik/.jdks/azul-15.0.3!/jdk.compiler" type="simple" />
            <root url="jrt://C:/Users/Majorik/.jdks/azul-15.0.3!/jdk.crypto.cryptoki" type="simple" />
            <root url="jrt://C:/Users/Majorik/.jdks/azul-15.0.3!/jdk.crypto.ec" type="simple" />
            <root url="jrt://C:/Users/Majorik/.jdks/azul-15.0.3!/jdk.crypto.mscapi" type="simple" />
            <root url="jrt://C:/Users/Majorik/.jdks/azul-15.0.3!/jdk.dynalink" type="simple" />
            <root url="jrt://C:/Users/Majorik/.jdks/azul-15.0.3!/jdk.editpad" type="simple" />
            <root url="jrt://C:/Users/Majorik/.jdks/azul-15.0.3!/jdk.hotspot.agent" type="simple" />
            <root url="jrt://C:/Users/Majorik/.jdks/azul-15.0.3!/jdk.httpserver" type="simple" />
            <root url="jrt://C:/Users/Majorik/.jdks/azul-15.0.3!/jdk.incubator.foreign" type="simple" />
            <root url="jrt://C:/Users/Majorik/.jdks/azul-15.0.3!/jdk.incubator.jpackage" type="simple" />
            <root url="jrt://C:/Users/Majorik/.jdks/azul-15.0.3!/jdk.internal.ed" type="simple" />
            <root url="jrt://C:/Users/Majorik/.jdks/azul-15.0.3!/jdk.internal.jvmstat" type="simple" />
            <root url="jrt://C:/Users/Majorik/.jdks/azul-15.0.3!/jdk.internal.le" type="simple" />
            <root url="jrt://C:/Users/Majorik/.jdks/azul-15.0.3!/jdk.internal.opt" type="simple" />
            <root url="jrt://C:/Users/Majorik/.jdks/azul-15.0.3!/jdk.internal.vm.ci" type="simple" />
            <root url="jrt://C:/Users/Majorik/.jdks/azul-15.0.3!/jdk.internal.vm.compiler" type="simple" />
            <root url="jrt://C:/Users/Majorik/.jdks/azul-15.0.3!/jdk.internal.vm.compiler.management" type="simple" />
            <root url="jrt://C:/Users/Majorik/.jdks/azul-15.0.3!/jdk.jartool" type="simple" />
            <root url="jrt://C:/Users/Majorik/.jdks/azul-15.0.3!/jdk.javadoc" type="simple" />
            <root url="jrt://C:/Users/Majorik/.jdks/azul-15.0.3!/jdk.jcmd" type="simple" />
            <root url="jrt://C:/Users/Majorik/.jdks/azul-15.0.3!/jdk.jconsole" type="simple" />
            <root url="jrt://C:/Users/Majorik/.jdks/azul-15.0.3!/jdk.jdeps" type="simple" />
            <root url="jrt://C:/Users/Majorik/.jdks/azul-15.0.3!/jdk.jdi" type="simple" />
            <root url="jrt://C:/Users/Majorik/.jdks/azul-15.0.3!/jdk.jdwp.agent" type="simple" />
            <root url="jrt://C:/Users/Majorik/.jdks/azul-15.0.3!/jdk.jfr" type="simple" />
            <root url="jrt://C:/Users/Majorik/.jdks/azul-15.0.3!/jdk.jlink" type="simple" />
            <root url="jrt://C:/Users/Majorik/.jdks/azul-15.0.3!/jdk.jshell" type="simple" />
            <root url="jrt://C:/Users/Majorik/.jdks/azul-15.0.3!/jdk.jsobject" type="simple" />
            <root url="jrt://C:/Users/Majorik/.jdks/azul-15.0.3!/jdk.jstatd" type="simple" />
            <root url="jrt://C:/Users/Majorik/.jdks/azul-15.0.3!/jdk.localedata" type="simple" />
            <root url="jrt://C:/Users/Majorik/.jdks/azul-15.0.3!/jdk.management" type="simple" />
            <root url="jrt://C:/Users/Majorik/.jdks/azul-15.0.3!/jdk.management.agent" type="simple" />
            <root url="jrt://C:/Users/Majorik/.jdks/azul-15.0.3!/jdk.management.jfr" type="simple" />
            <root url="jrt://C:/Users/Majorik/.jdks/azul-15.0.3!/jdk.naming.dns" type="simple" />
            <root url="jrt://C:/Users/Majorik/.jdks/azul-15.0.3!/jdk.naming.rmi" type="simple" />
            <root url="jrt://C:/Users/Majorik/.jdks/azul-15.0.3!/jdk.net" type="simple" />
            <root url="jrt://C:/Users/Majorik/.jdks/azul-15.0.3!/jdk.nio.mapmode" type="simple" />
            <root url="jrt://C:/Users/Majorik/.jdks/azul-15.0.3!/jdk.sctp" type="simple" />
            <root url="jrt://C:/Users/Majorik/.jdks/azul-15.0.3!/jdk.security.auth" type="simple" />
            <root url="jrt://C:/Users/Majorik/.jdks/azul-15.0.3!/jdk.security.jgss" type="simple" />
            <root url="jrt://C:/Users/Majorik/.jdks/azul-15.0.3!/jdk.unsupported" type="simple" />
            <root url="jrt://C:/Users/Majorik/.jdks/azul-15.0.3!/jdk.unsupported.desktop" type="simple" />
            <root url="jrt://C:/Users/Majorik/.jdks/azul-15.0.3!/jdk.xml.dom" type="simple" />
            <root url="jrt://C:/Users/Majorik/.jdks/azul-15.0.3!/jdk.zipfs" type="simple" />
          </root>
        </classPath>
        <javadocPath>
          <root type="composite" />
        </javadocPath>
        <sourcePath>
          <root type="composite">
            <root url="jar://$USER_HOME$/.jdks/azul-15.0.3/lib/src.zip!/java.se" type="simple" />
            <root url="jar://$USER_HOME$/.jdks/azul-15.0.3/lib/src.zip!/jdk.aot" type="simple" />
            <root url="jar://$USER_HOME$/.jdks/azul-15.0.3/lib/src.zip!/jdk.jdi" type="simple" />
            <root url="jar://$USER_HOME$/.jdks/azul-15.0.3/lib/src.zip!/jdk.jfr" type="simple" />
            <root url="jar://$USER_HOME$/.jdks/azul-15.0.3/lib/src.zip!/jdk.net" type="simple" />
            <root url="jar://$USER_HOME$/.jdks/azul-15.0.3/lib/src.zip!/java.rmi" type="simple" />
            <root url="jar://$USER_HOME$/.jdks/azul-15.0.3/lib/src.zip!/java.sql" type="simple" />
            <root url="jar://$USER_HOME$/.jdks/azul-15.0.3/lib/src.zip!/java.xml" type="simple" />
            <root url="jar://$USER_HOME$/.jdks/azul-15.0.3/lib/src.zip!/jdk.jcmd" type="simple" />
            <root url="jar://$USER_HOME$/.jdks/azul-15.0.3/lib/src.zip!/jdk.sctp" type="simple" />
            <root url="jar://$USER_HOME$/.jdks/azul-15.0.3/lib/src.zip!/java.base" type="simple" />
            <root url="jar://$USER_HOME$/.jdks/azul-15.0.3/lib/src.zip!/jdk.jdeps" type="simple" />
            <root url="jar://$USER_HOME$/.jdks/azul-15.0.3/lib/src.zip!/jdk.jlink" type="simple" />
            <root url="jar://$USER_HOME$/.jdks/azul-15.0.3/lib/src.zip!/jdk.zipfs" type="simple" />
            <root url="jar://$USER_HOME$/.jdks/azul-15.0.3/lib/src.zip!/java.prefs" type="simple" />
            <root url="jar://$USER_HOME$/.jdks/azul-15.0.3/lib/src.zip!/jdk.attach" type="simple" />
            <root url="jar://$USER_HOME$/.jdks/azul-15.0.3/lib/src.zip!/jdk.jshell" type="simple" />
            <root url="jar://$USER_HOME$/.jdks/azul-15.0.3/lib/src.zip!/jdk.jstatd" type="simple" />
            <root url="jar://$USER_HOME$/.jdks/azul-15.0.3/lib/src.zip!/java.naming" type="simple" />
            <root url="jar://$USER_HOME$/.jdks/azul-15.0.3/lib/src.zip!/jdk.editpad" type="simple" />
            <root url="jar://$USER_HOME$/.jdks/azul-15.0.3/lib/src.zip!/jdk.jartool" type="simple" />
            <root url="jar://$USER_HOME$/.jdks/azul-15.0.3/lib/src.zip!/jdk.javadoc" type="simple" />
            <root url="jar://$USER_HOME$/.jdks/azul-15.0.3/lib/src.zip!/jdk.xml.dom" type="simple" />
            <root url="jar://$USER_HOME$/.jdks/azul-15.0.3/lib/src.zip!/java.desktop" type="simple" />
            <root url="jar://$USER_HOME$/.jdks/azul-15.0.3/lib/src.zip!/java.logging" type="simple" />
            <root url="jar://$USER_HOME$/.jdks/azul-15.0.3/lib/src.zip!/jdk.charsets" type="simple" />
            <root url="jar://$USER_HOME$/.jdks/azul-15.0.3/lib/src.zip!/jdk.compiler" type="simple" />
            <root url="jar://$USER_HOME$/.jdks/azul-15.0.3/lib/src.zip!/jdk.dynalink" type="simple" />
            <root url="jar://$USER_HOME$/.jdks/azul-15.0.3/lib/src.zip!/jdk.jconsole" type="simple" />
            <root url="jar://$USER_HOME$/.jdks/azul-15.0.3/lib/src.zip!/jdk.jsobject" type="simple" />
            <root url="jar://$USER_HOME$/.jdks/azul-15.0.3/lib/src.zip!/java.compiler" type="simple" />
            <root url="jar://$USER_HOME$/.jdks/azul-15.0.3/lib/src.zip!/java.net.http" type="simple" />
            <root url="jar://$USER_HOME$/.jdks/azul-15.0.3/lib/src.zip!/jdk.crypto.ec" type="simple" />
            <root url="jar://$USER_HOME$/.jdks/azul-15.0.3/lib/src.zip!/java.scripting" type="simple" />
            <root url="jar://$USER_HOME$/.jdks/azul-15.0.3/lib/src.zip!/jdk.httpserver" type="simple" />
            <root url="jar://$USER_HOME$/.jdks/azul-15.0.3/lib/src.zip!/jdk.jdwp.agent" type="simple" />
            <root url="jar://$USER_HOME$/.jdks/azul-15.0.3/lib/src.zip!/jdk.localedata" type="simple" />
            <root url="jar://$USER_HOME$/.jdks/azul-15.0.3/lib/src.zip!/jdk.management" type="simple" />
            <root url="jar://$USER_HOME$/.jdks/azul-15.0.3/lib/src.zip!/jdk.naming.dns" type="simple" />
            <root url="jar://$USER_HOME$/.jdks/azul-15.0.3/lib/src.zip!/jdk.naming.rmi" type="simple" />
            <root url="jar://$USER_HOME$/.jdks/azul-15.0.3/lib/src.zip!/java.instrument" type="simple" />
            <root url="jar://$USER_HOME$/.jdks/azul-15.0.3/lib/src.zip!/java.management" type="simple" />
            <root url="jar://$USER_HOME$/.jdks/azul-15.0.3/lib/src.zip!/java.sql.rowset" type="simple" />
            <root url="jar://$USER_HOME$/.jdks/azul-15.0.3/lib/src.zip!/java.xml.crypto" type="simple" />
            <root url="jar://$USER_HOME$/.jdks/azul-15.0.3/lib/src.zip!/jdk.internal.ed" type="simple" />
            <root url="jar://$USER_HOME$/.jdks/azul-15.0.3/lib/src.zip!/jdk.internal.le" type="simple" />
            <root url="jar://$USER_HOME$/.jdks/azul-15.0.3/lib/src.zip!/jdk.nio.mapmode" type="simple" />
            <root url="jar://$USER_HOME$/.jdks/azul-15.0.3/lib/src.zip!/jdk.unsupported" type="simple" />
            <root url="jar://$USER_HOME$/.jdks/azul-15.0.3/lib/src.zip!/java.smartcardio" type="simple" />
            <root url="jar://$USER_HOME$/.jdks/azul-15.0.3/lib/src.zip!/jdk.internal.opt" type="simple" />
            <root url="jar://$USER_HOME$/.jdks/azul-15.0.3/lib/src.zip!/java.datatransfer" type="simple" />
            <root url="jar://$USER_HOME$/.jdks/azul-15.0.3/lib/src.zip!/jdk.accessibility" type="simple" />
            <root url="jar://$USER_HOME$/.jdks/azul-15.0.3/lib/src.zip!/jdk.crypto.mscapi" type="simple" />
            <root url="jar://$USER_HOME$/.jdks/azul-15.0.3/lib/src.zip!/jdk.hotspot.agent" type="simple" />
            <root url="jar://$USER_HOME$/.jdks/azul-15.0.3/lib/src.zip!/jdk.security.auth" type="simple" />
            <root url="jar://$USER_HOME$/.jdks/azul-15.0.3/lib/src.zip!/jdk.security.jgss" type="simple" />
            <root url="jar://$USER_HOME$/.jdks/azul-15.0.3/lib/src.zip!/java.security.jgss" type="simple" />
            <root url="jar://$USER_HOME$/.jdks/azul-15.0.3/lib/src.zip!/java.security.sasl" type="simple" />
            <root url="jar://$USER_HOME$/.jdks/azul-15.0.3/lib/src.zip!/jdk.internal.vm.ci" type="simple" />
            <root url="jar://$USER_HOME$/.jdks/azul-15.0.3/lib/src.zip!/jdk.management.jfr" type="simple" />
            <root url="jar://$USER_HOME$/.jdks/azul-15.0.3/lib/src.zip!/java.management.rmi" type="simple" />
            <root url="jar://$USER_HOME$/.jdks/azul-15.0.3/lib/src.zip!/java.transaction.xa" type="simple" />
            <root url="jar://$USER_HOME$/.jdks/azul-15.0.3/lib/src.zip!/jdk.crypto.cryptoki" type="simple" />
            <root url="jar://$USER_HOME$/.jdks/azul-15.0.3/lib/src.zip!/jdk.internal.jvmstat" type="simple" />
            <root url="jar://$USER_HOME$/.jdks/azul-15.0.3/lib/src.zip!/jdk.management.agent" type="simple" />
            <root url="jar://$USER_HOME$/.jdks/azul-15.0.3/lib/src.zip!/jdk.incubator.foreign" type="simple" />
            <root url="jar://$USER_HOME$/.jdks/azul-15.0.3/lib/src.zip!/jdk.incubator.jpackage" type="simple" />
            <root url="jar://$USER_HOME$/.jdks/azul-15.0.3/lib/src.zip!/jdk.unsupported.desktop" type="simple" />
            <root url="jar://$USER_HOME$/.jdks/azul-15.0.3/lib/src.zip!/jdk.internal.vm.compiler" type="simple" />
            <root url="jar://$USER_HOME$/.jdks/azul-15.0.3/lib/src.zip!/jdk.internal.vm.compiler.management" type="simple" />
          </root>
        </sourcePath>
      </roots>
      <additional />
    </jdk>
    <jdk version="2">
      <name value="adopt-openj9-15" />
      <type value="JavaSDK" />
      <version value="AdoptOpenJDK (OpenJ9) version 15.0.2" />
      <homePath value="$USER_HOME$/.jdks/adopt-openj9-15.0.2" />
      <roots>
        <annotationsPath>
          <root type="composite">
            <root url="jar://$APPLICATION_HOME_DIR$/plugins/java/lib/jdkAnnotations.jar!/" type="simple" />
          </root>
        </annotationsPath>
        <classPath>
          <root type="composite">
            <root url="jrt://C:/Users/Majorik/.jdks/adopt-openj9-15.0.2!/java.base" type="simple" />
            <root url="jrt://C:/Users/Majorik/.jdks/adopt-openj9-15.0.2!/java.compiler" type="simple" />
            <root url="jrt://C:/Users/Majorik/.jdks/adopt-openj9-15.0.2!/java.datatransfer" type="simple" />
            <root url="jrt://C:/Users/Majorik/.jdks/adopt-openj9-15.0.2!/java.desktop" type="simple" />
            <root url="jrt://C:/Users/Majorik/.jdks/adopt-openj9-15.0.2!/java.instrument" type="simple" />
            <root url="jrt://C:/Users/Majorik/.jdks/adopt-openj9-15.0.2!/java.logging" type="simple" />
            <root url="jrt://C:/Users/Majorik/.jdks/adopt-openj9-15.0.2!/java.management" type="simple" />
            <root url="jrt://C:/Users/Majorik/.jdks/adopt-openj9-15.0.2!/java.management.rmi" type="simple" />
            <root url="jrt://C:/Users/Majorik/.jdks/adopt-openj9-15.0.2!/java.naming" type="simple" />
            <root url="jrt://C:/Users/Majorik/.jdks/adopt-openj9-15.0.2!/java.net.http" type="simple" />
            <root url="jrt://C:/Users/Majorik/.jdks/adopt-openj9-15.0.2!/java.prefs" type="simple" />
            <root url="jrt://C:/Users/Majorik/.jdks/adopt-openj9-15.0.2!/java.rmi" type="simple" />
            <root url="jrt://C:/Users/Majorik/.jdks/adopt-openj9-15.0.2!/java.scripting" type="simple" />
            <root url="jrt://C:/Users/Majorik/.jdks/adopt-openj9-15.0.2!/java.se" type="simple" />
            <root url="jrt://C:/Users/Majorik/.jdks/adopt-openj9-15.0.2!/java.security.jgss" type="simple" />
            <root url="jrt://C:/Users/Majorik/.jdks/adopt-openj9-15.0.2!/java.security.sasl" type="simple" />
            <root url="jrt://C:/Users/Majorik/.jdks/adopt-openj9-15.0.2!/java.smartcardio" type="simple" />
            <root url="jrt://C:/Users/Majorik/.jdks/adopt-openj9-15.0.2!/java.sql" type="simple" />
            <root url="jrt://C:/Users/Majorik/.jdks/adopt-openj9-15.0.2!/java.sql.rowset" type="simple" />
            <root url="jrt://C:/Users/Majorik/.jdks/adopt-openj9-15.0.2!/java.transaction.xa" type="simple" />
            <root url="jrt://C:/Users/Majorik/.jdks/adopt-openj9-15.0.2!/java.xml" type="simple" />
            <root url="jrt://C:/Users/Majorik/.jdks/adopt-openj9-15.0.2!/java.xml.crypto" type="simple" />
            <root url="jrt://C:/Users/Majorik/.jdks/adopt-openj9-15.0.2!/jdk.accessibility" type="simple" />
            <root url="jrt://C:/Users/Majorik/.jdks/adopt-openj9-15.0.2!/jdk.attach" type="simple" />
            <root url="jrt://C:/Users/Majorik/.jdks/adopt-openj9-15.0.2!/jdk.charsets" type="simple" />
            <root url="jrt://C:/Users/Majorik/.jdks/adopt-openj9-15.0.2!/jdk.compiler" type="simple" />
            <root url="jrt://C:/Users/Majorik/.jdks/adopt-openj9-15.0.2!/jdk.crypto.cryptoki" type="simple" />
            <root url="jrt://C:/Users/Majorik/.jdks/adopt-openj9-15.0.2!/jdk.crypto.ec" type="simple" />
            <root url="jrt://C:/Users/Majorik/.jdks/adopt-openj9-15.0.2!/jdk.crypto.mscapi" type="simple" />
            <root url="jrt://C:/Users/Majorik/.jdks/adopt-openj9-15.0.2!/jdk.dynalink" type="simple" />
            <root url="jrt://C:/Users/Majorik/.jdks/adopt-openj9-15.0.2!/jdk.editpad" type="simple" />
            <root url="jrt://C:/Users/Majorik/.jdks/adopt-openj9-15.0.2!/jdk.httpserver" type="simple" />
            <root url="jrt://C:/Users/Majorik/.jdks/adopt-openj9-15.0.2!/jdk.incubator.foreign" type="simple" />
            <root url="jrt://C:/Users/Majorik/.jdks/adopt-openj9-15.0.2!/jdk.incubator.jpackage" type="simple" />
            <root url="jrt://C:/Users/Majorik/.jdks/adopt-openj9-15.0.2!/jdk.internal.ed" type="simple" />
            <root url="jrt://C:/Users/Majorik/.jdks/adopt-openj9-15.0.2!/jdk.internal.jvmstat" type="simple" />
            <root url="jrt://C:/Users/Majorik/.jdks/adopt-openj9-15.0.2!/jdk.internal.le" type="simple" />
            <root url="jrt://C:/Users/Majorik/.jdks/adopt-openj9-15.0.2!/jdk.internal.opt" type="simple" />
            <root url="jrt://C:/Users/Majorik/.jdks/adopt-openj9-15.0.2!/jdk.jartool" type="simple" />
            <root url="jrt://C:/Users/Majorik/.jdks/adopt-openj9-15.0.2!/jdk.javadoc" type="simple" />
            <root url="jrt://C:/Users/Majorik/.jdks/adopt-openj9-15.0.2!/jdk.jcmd" type="simple" />
            <root url="jrt://C:/Users/Majorik/.jdks/adopt-openj9-15.0.2!/jdk.jconsole" type="simple" />
            <root url="jrt://C:/Users/Majorik/.jdks/adopt-openj9-15.0.2!/jdk.jdeps" type="simple" />
            <root url="jrt://C:/Users/Majorik/.jdks/adopt-openj9-15.0.2!/jdk.jdi" type="simple" />
            <root url="jrt://C:/Users/Majorik/.jdks/adopt-openj9-15.0.2!/jdk.jdwp.agent" type="simple" />
            <root url="jrt://C:/Users/Majorik/.jdks/adopt-openj9-15.0.2!/jdk.jlink" type="simple" />
            <root url="jrt://C:/Users/Majorik/.jdks/adopt-openj9-15.0.2!/jdk.jshell" type="simple" />
            <root url="jrt://C:/Users/Majorik/.jdks/adopt-openj9-15.0.2!/jdk.jsobject" type="simple" />
            <root url="jrt://C:/Users/Majorik/.jdks/adopt-openj9-15.0.2!/jdk.localedata" type="simple" />
            <root url="jrt://C:/Users/Majorik/.jdks/adopt-openj9-15.0.2!/jdk.management" type="simple" />
            <root url="jrt://C:/Users/Majorik/.jdks/adopt-openj9-15.0.2!/jdk.management.agent" type="simple" />
            <root url="jrt://C:/Users/Majorik/.jdks/adopt-openj9-15.0.2!/jdk.naming.dns" type="simple" />
            <root url="jrt://C:/Users/Majorik/.jdks/adopt-openj9-15.0.2!/jdk.naming.rmi" type="simple" />
            <root url="jrt://C:/Users/Majorik/.jdks/adopt-openj9-15.0.2!/jdk.net" type="simple" />
            <root url="jrt://C:/Users/Majorik/.jdks/adopt-openj9-15.0.2!/jdk.nio.mapmode" type="simple" />
            <root url="jrt://C:/Users/Majorik/.jdks/adopt-openj9-15.0.2!/jdk.sctp" type="simple" />
            <root url="jrt://C:/Users/Majorik/.jdks/adopt-openj9-15.0.2!/jdk.security.auth" type="simple" />
            <root url="jrt://C:/Users/Majorik/.jdks/adopt-openj9-15.0.2!/jdk.security.jgss" type="simple" />
            <root url="jrt://C:/Users/Majorik/.jdks/adopt-openj9-15.0.2!/jdk.unsupported" type="simple" />
            <root url="jrt://C:/Users/Majorik/.jdks/adopt-openj9-15.0.2!/jdk.unsupported.desktop" type="simple" />
            <root url="jrt://C:/Users/Majorik/.jdks/adopt-openj9-15.0.2!/jdk.xml.dom" type="simple" />
            <root url="jrt://C:/Users/Majorik/.jdks/adopt-openj9-15.0.2!/jdk.zipfs" type="simple" />
            <root url="jrt://C:/Users/Majorik/.jdks/adopt-openj9-15.0.2!/openj9.cuda" type="simple" />
            <root url="jrt://C:/Users/Majorik/.jdks/adopt-openj9-15.0.2!/openj9.dataaccess" type="simple" />
            <root url="jrt://C:/Users/Majorik/.jdks/adopt-openj9-15.0.2!/openj9.dtfj" type="simple" />
            <root url="jrt://C:/Users/Majorik/.jdks/adopt-openj9-15.0.2!/openj9.dtfjview" type="simple" />
            <root url="jrt://C:/Users/Majorik/.jdks/adopt-openj9-15.0.2!/openj9.gpu" type="simple" />
            <root url="jrt://C:/Users/Majorik/.jdks/adopt-openj9-15.0.2!/openj9.jvm" type="simple" />
            <root url="jrt://C:/Users/Majorik/.jdks/adopt-openj9-15.0.2!/openj9.sharedclasses" type="simple" />
            <root url="jrt://C:/Users/Majorik/.jdks/adopt-openj9-15.0.2!/openj9.traceformat" type="simple" />
            <root url="jrt://C:/Users/Majorik/.jdks/adopt-openj9-15.0.2!/openj9.zosconditionhandling" type="simple" />
          </root>
        </classPath>
        <javadocPath>
          <root type="composite" />
        </javadocPath>
        <sourcePath>
          <root type="composite">
            <root url="jar://$USER_HOME$/.jdks/adopt-openj9-15.0.2/lib/src.zip!/java.se" type="simple" />
            <root url="jar://$USER_HOME$/.jdks/adopt-openj9-15.0.2/lib/src.zip!/jdk.jdi" type="simple" />
            <root url="jar://$USER_HOME$/.jdks/adopt-openj9-15.0.2/lib/src.zip!/jdk.net" type="simple" />
            <root url="jar://$USER_HOME$/.jdks/adopt-openj9-15.0.2/lib/src.zip!/java.rmi" type="simple" />
            <root url="jar://$USER_HOME$/.jdks/adopt-openj9-15.0.2/lib/src.zip!/java.sql" type="simple" />
            <root url="jar://$USER_HOME$/.jdks/adopt-openj9-15.0.2/lib/src.zip!/java.xml" type="simple" />
            <root url="jar://$USER_HOME$/.jdks/adopt-openj9-15.0.2/lib/src.zip!/jdk.jcmd" type="simple" />
            <root url="jar://$USER_HOME$/.jdks/adopt-openj9-15.0.2/lib/src.zip!/jdk.sctp" type="simple" />
            <root url="jar://$USER_HOME$/.jdks/adopt-openj9-15.0.2/lib/src.zip!/java.base" type="simple" />
            <root url="jar://$USER_HOME$/.jdks/adopt-openj9-15.0.2/lib/src.zip!/jdk.jdeps" type="simple" />
            <root url="jar://$USER_HOME$/.jdks/adopt-openj9-15.0.2/lib/src.zip!/jdk.jlink" type="simple" />
            <root url="jar://$USER_HOME$/.jdks/adopt-openj9-15.0.2/lib/src.zip!/jdk.zipfs" type="simple" />
            <root url="jar://$USER_HOME$/.jdks/adopt-openj9-15.0.2/lib/src.zip!/java.prefs" type="simple" />
            <root url="jar://$USER_HOME$/.jdks/adopt-openj9-15.0.2/lib/src.zip!/jdk.attach" type="simple" />
            <root url="jar://$USER_HOME$/.jdks/adopt-openj9-15.0.2/lib/src.zip!/jdk.jshell" type="simple" />
            <root url="jar://$USER_HOME$/.jdks/adopt-openj9-15.0.2/lib/src.zip!/openj9.gpu" type="simple" />
            <root url="jar://$USER_HOME$/.jdks/adopt-openj9-15.0.2/lib/src.zip!/openj9.jvm" type="simple" />
            <root url="jar://$USER_HOME$/.jdks/adopt-openj9-15.0.2/lib/src.zip!/java.naming" type="simple" />
            <root url="jar://$USER_HOME$/.jdks/adopt-openj9-15.0.2/lib/src.zip!/jdk.editpad" type="simple" />
            <root url="jar://$USER_HOME$/.jdks/adopt-openj9-15.0.2/lib/src.zip!/jdk.jartool" type="simple" />
            <root url="jar://$USER_HOME$/.jdks/adopt-openj9-15.0.2/lib/src.zip!/jdk.javadoc" type="simple" />
            <root url="jar://$USER_HOME$/.jdks/adopt-openj9-15.0.2/lib/src.zip!/jdk.xml.dom" type="simple" />
            <root url="jar://$USER_HOME$/.jdks/adopt-openj9-15.0.2/lib/src.zip!/openj9.cuda" type="simple" />
            <root url="jar://$USER_HOME$/.jdks/adopt-openj9-15.0.2/lib/src.zip!/openj9.dtfj" type="simple" />
            <root url="jar://$USER_HOME$/.jdks/adopt-openj9-15.0.2/lib/src.zip!/java.desktop" type="simple" />
            <root url="jar://$USER_HOME$/.jdks/adopt-openj9-15.0.2/lib/src.zip!/java.logging" type="simple" />
            <root url="jar://$USER_HOME$/.jdks/adopt-openj9-15.0.2/lib/src.zip!/jdk.charsets" type="simple" />
            <root url="jar://$USER_HOME$/.jdks/adopt-openj9-15.0.2/lib/src.zip!/jdk.compiler" type="simple" />
            <root url="jar://$USER_HOME$/.jdks/adopt-openj9-15.0.2/lib/src.zip!/jdk.dynalink" type="simple" />
            <root url="jar://$USER_HOME$/.jdks/adopt-openj9-15.0.2/lib/src.zip!/jdk.jconsole" type="simple" />
            <root url="jar://$USER_HOME$/.jdks/adopt-openj9-15.0.2/lib/src.zip!/jdk.jsobject" type="simple" />
            <root url="jar://$USER_HOME$/.jdks/adopt-openj9-15.0.2/lib/src.zip!/java.compiler" type="simple" />
            <root url="jar://$USER_HOME$/.jdks/adopt-openj9-15.0.2/lib/src.zip!/java.net.http" type="simple" />
            <root url="jar://$USER_HOME$/.jdks/adopt-openj9-15.0.2/lib/src.zip!/jdk.crypto.ec" type="simple" />
            <root url="jar://$USER_HOME$/.jdks/adopt-openj9-15.0.2/lib/src.zip!/java.scripting" type="simple" />
            <root url="jar://$USER_HOME$/.jdks/adopt-openj9-15.0.2/lib/src.zip!/jdk.httpserver" type="simple" />
            <root url="jar://$USER_HOME$/.jdks/adopt-openj9-15.0.2/lib/src.zip!/jdk.jdwp.agent" type="simple" />
            <root url="jar://$USER_HOME$/.jdks/adopt-openj9-15.0.2/lib/src.zip!/jdk.localedata" type="simple" />
            <root url="jar://$USER_HOME$/.jdks/adopt-openj9-15.0.2/lib/src.zip!/jdk.management" type="simple" />
            <root url="jar://$USER_HOME$/.jdks/adopt-openj9-15.0.2/lib/src.zip!/jdk.naming.dns" type="simple" />
            <root url="jar://$USER_HOME$/.jdks/adopt-openj9-15.0.2/lib/src.zip!/jdk.naming.rmi" type="simple" />
            <root url="jar://$USER_HOME$/.jdks/adopt-openj9-15.0.2/lib/src.zip!/java.instrument" type="simple" />
            <root url="jar://$USER_HOME$/.jdks/adopt-openj9-15.0.2/lib/src.zip!/java.management" type="simple" />
            <root url="jar://$USER_HOME$/.jdks/adopt-openj9-15.0.2/lib/src.zip!/java.sql.rowset" type="simple" />
            <root url="jar://$USER_HOME$/.jdks/adopt-openj9-15.0.2/lib/src.zip!/java.xml.crypto" type="simple" />
            <root url="jar://$USER_HOME$/.jdks/adopt-openj9-15.0.2/lib/src.zip!/jdk.internal.ed" type="simple" />
            <root url="jar://$USER_HOME$/.jdks/adopt-openj9-15.0.2/lib/src.zip!/jdk.internal.le" type="simple" />
            <root url="jar://$USER_HOME$/.jdks/adopt-openj9-15.0.2/lib/src.zip!/jdk.nio.mapmode" type="simple" />
            <root url="jar://$USER_HOME$/.jdks/adopt-openj9-15.0.2/lib/src.zip!/jdk.unsupported" type="simple" />
            <root url="jar://$USER_HOME$/.jdks/adopt-openj9-15.0.2/lib/src.zip!/openj9.dtfjview" type="simple" />
            <root url="jar://$USER_HOME$/.jdks/adopt-openj9-15.0.2/lib/src.zip!/java.smartcardio" type="simple" />
            <root url="jar://$USER_HOME$/.jdks/adopt-openj9-15.0.2/lib/src.zip!/jdk.internal.opt" type="simple" />
            <root url="jar://$USER_HOME$/.jdks/adopt-openj9-15.0.2/lib/src.zip!/java.datatransfer" type="simple" />
            <root url="jar://$USER_HOME$/.jdks/adopt-openj9-15.0.2/lib/src.zip!/jdk.accessibility" type="simple" />
            <root url="jar://$USER_HOME$/.jdks/adopt-openj9-15.0.2/lib/src.zip!/jdk.crypto.mscapi" type="simple" />
            <root url="jar://$USER_HOME$/.jdks/adopt-openj9-15.0.2/lib/src.zip!/jdk.security.auth" type="simple" />
            <root url="jar://$USER_HOME$/.jdks/adopt-openj9-15.0.2/lib/src.zip!/jdk.security.jgss" type="simple" />
            <root url="jar://$USER_HOME$/.jdks/adopt-openj9-15.0.2/lib/src.zip!/openj9.dataaccess" type="simple" />
            <root url="jar://$USER_HOME$/.jdks/adopt-openj9-15.0.2/lib/src.zip!/java.security.jgss" type="simple" />
            <root url="jar://$USER_HOME$/.jdks/adopt-openj9-15.0.2/lib/src.zip!/java.security.sasl" type="simple" />
            <root url="jar://$USER_HOME$/.jdks/adopt-openj9-15.0.2/lib/src.zip!/openj9.traceformat" type="simple" />
            <root url="jar://$USER_HOME$/.jdks/adopt-openj9-15.0.2/lib/src.zip!/java.management.rmi" type="simple" />
            <root url="jar://$USER_HOME$/.jdks/adopt-openj9-15.0.2/lib/src.zip!/java.transaction.xa" type="simple" />
            <root url="jar://$USER_HOME$/.jdks/adopt-openj9-15.0.2/lib/src.zip!/jdk.crypto.cryptoki" type="simple" />
            <root url="jar://$USER_HOME$/.jdks/adopt-openj9-15.0.2/lib/src.zip!/jdk.internal.jvmstat" type="simple" />
            <root url="jar://$USER_HOME$/.jdks/adopt-openj9-15.0.2/lib/src.zip!/jdk.management.agent" type="simple" />
            <root url="jar://$USER_HOME$/.jdks/adopt-openj9-15.0.2/lib/src.zip!/openj9.sharedclasses" type="simple" />
            <root url="jar://$USER_HOME$/.jdks/adopt-openj9-15.0.2/lib/src.zip!/jdk.incubator.foreign" type="simple" />
            <root url="jar://$USER_HOME$/.jdks/adopt-openj9-15.0.2/lib/src.zip!/jdk.incubator.jpackage" type="simple" />
            <root url="jar://$USER_HOME$/.jdks/adopt-openj9-15.0.2/lib/src.zip!/jdk.unsupported.desktop" type="simple" />
            <root url="jar://$USER_HOME$/.jdks/adopt-openj9-15.0.2/lib/src.zip!/openj9.zosconditionhandling" type="simple" />
          </root>
        </sourcePath>
      </roots>
      <additional />
    </jdk>
    <jdk version="2">
      <name value="15" />
      <type value="JavaSDK" />
      <version value="AdoptOpenJDK (OpenJ9) version 15.0.2" />
      <homePath value="$USER_HOME$/.jdks/adopt-openj9-15.0.2" />
      <roots>
        <annotationsPath>
          <root type="composite">
            <root url="jar://$APPLICATION_HOME_DIR$/plugins/java/lib/jdkAnnotations.jar!/" type="simple" />
          </root>
        </annotationsPath>
        <classPath>
          <root type="composite">
            <root url="jrt://C:/Users/Majorik/.jdks/adopt-openj9-15.0.2!/java.base" type="simple" />
            <root url="jrt://C:/Users/Majorik/.jdks/adopt-openj9-15.0.2!/java.compiler" type="simple" />
            <root url="jrt://C:/Users/Majorik/.jdks/adopt-openj9-15.0.2!/java.datatransfer" type="simple" />
            <root url="jrt://C:/Users/Majorik/.jdks/adopt-openj9-15.0.2!/java.desktop" type="simple" />
            <root url="jrt://C:/Users/Majorik/.jdks/adopt-openj9-15.0.2!/java.instrument" type="simple" />
            <root url="jrt://C:/Users/Majorik/.jdks/adopt-openj9-15.0.2!/java.logging" type="simple" />
            <root url="jrt://C:/Users/Majorik/.jdks/adopt-openj9-15.0.2!/java.management" type="simple" />
            <root url="jrt://C:/Users/Majorik/.jdks/adopt-openj9-15.0.2!/java.management.rmi" type="simple" />
            <root url="jrt://C:/Users/Majorik/.jdks/adopt-openj9-15.0.2!/java.naming" type="simple" />
            <root url="jrt://C:/Users/Majorik/.jdks/adopt-openj9-15.0.2!/java.net.http" type="simple" />
            <root url="jrt://C:/Users/Majorik/.jdks/adopt-openj9-15.0.2!/java.prefs" type="simple" />
            <root url="jrt://C:/Users/Majorik/.jdks/adopt-openj9-15.0.2!/java.rmi" type="simple" />
            <root url="jrt://C:/Users/Majorik/.jdks/adopt-openj9-15.0.2!/java.scripting" type="simple" />
            <root url="jrt://C:/Users/Majorik/.jdks/adopt-openj9-15.0.2!/java.se" type="simple" />
            <root url="jrt://C:/Users/Majorik/.jdks/adopt-openj9-15.0.2!/java.security.jgss" type="simple" />
            <root url="jrt://C:/Users/Majorik/.jdks/adopt-openj9-15.0.2!/java.security.sasl" type="simple" />
            <root url="jrt://C:/Users/Majorik/.jdks/adopt-openj9-15.0.2!/java.smartcardio" type="simple" />
            <root url="jrt://C:/Users/Majorik/.jdks/adopt-openj9-15.0.2!/java.sql" type="simple" />
            <root url="jrt://C:/Users/Majorik/.jdks/adopt-openj9-15.0.2!/java.sql.rowset" type="simple" />
            <root url="jrt://C:/Users/Majorik/.jdks/adopt-openj9-15.0.2!/java.transaction.xa" type="simple" />
            <root url="jrt://C:/Users/Majorik/.jdks/adopt-openj9-15.0.2!/java.xml" type="simple" />
            <root url="jrt://C:/Users/Majorik/.jdks/adopt-openj9-15.0.2!/java.xml.crypto" type="simple" />
            <root url="jrt://C:/Users/Majorik/.jdks/adopt-openj9-15.0.2!/jdk.accessibility" type="simple" />
            <root url="jrt://C:/Users/Majorik/.jdks/adopt-openj9-15.0.2!/jdk.attach" type="simple" />
            <root url="jrt://C:/Users/Majorik/.jdks/adopt-openj9-15.0.2!/jdk.charsets" type="simple" />
            <root url="jrt://C:/Users/Majorik/.jdks/adopt-openj9-15.0.2!/jdk.compiler" type="simple" />
            <root url="jrt://C:/Users/Majorik/.jdks/adopt-openj9-15.0.2!/jdk.crypto.cryptoki" type="simple" />
            <root url="jrt://C:/Users/Majorik/.jdks/adopt-openj9-15.0.2!/jdk.crypto.ec" type="simple" />
            <root url="jrt://C:/Users/Majorik/.jdks/adopt-openj9-15.0.2!/jdk.crypto.mscapi" type="simple" />
            <root url="jrt://C:/Users/Majorik/.jdks/adopt-openj9-15.0.2!/jdk.dynalink" type="simple" />
            <root url="jrt://C:/Users/Majorik/.jdks/adopt-openj9-15.0.2!/jdk.editpad" type="simple" />
            <root url="jrt://C:/Users/Majorik/.jdks/adopt-openj9-15.0.2!/jdk.httpserver" type="simple" />
            <root url="jrt://C:/Users/Majorik/.jdks/adopt-openj9-15.0.2!/jdk.incubator.foreign" type="simple" />
            <root url="jrt://C:/Users/Majorik/.jdks/adopt-openj9-15.0.2!/jdk.incubator.jpackage" type="simple" />
            <root url="jrt://C:/Users/Majorik/.jdks/adopt-openj9-15.0.2!/jdk.internal.ed" type="simple" />
            <root url="jrt://C:/Users/Majorik/.jdks/adopt-openj9-15.0.2!/jdk.internal.jvmstat" type="simple" />
            <root url="jrt://C:/Users/Majorik/.jdks/adopt-openj9-15.0.2!/jdk.internal.le" type="simple" />
            <root url="jrt://C:/Users/Majorik/.jdks/adopt-openj9-15.0.2!/jdk.internal.opt" type="simple" />
            <root url="jrt://C:/Users/Majorik/.jdks/adopt-openj9-15.0.2!/jdk.jartool" type="simple" />
            <root url="jrt://C:/Users/Majorik/.jdks/adopt-openj9-15.0.2!/jdk.javadoc" type="simple" />
            <root url="jrt://C:/Users/Majorik/.jdks/adopt-openj9-15.0.2!/jdk.jcmd" type="simple" />
            <root url="jrt://C:/Users/Majorik/.jdks/adopt-openj9-15.0.2!/jdk.jconsole" type="simple" />
            <root url="jrt://C:/Users/Majorik/.jdks/adopt-openj9-15.0.2!/jdk.jdeps" type="simple" />
            <root url="jrt://C:/Users/Majorik/.jdks/adopt-openj9-15.0.2!/jdk.jdi" type="simple" />
            <root url="jrt://C:/Users/Majorik/.jdks/adopt-openj9-15.0.2!/jdk.jdwp.agent" type="simple" />
            <root url="jrt://C:/Users/Majorik/.jdks/adopt-openj9-15.0.2!/jdk.jlink" type="simple" />
            <root url="jrt://C:/Users/Majorik/.jdks/adopt-openj9-15.0.2!/jdk.jshell" type="simple" />
            <root url="jrt://C:/Users/Majorik/.jdks/adopt-openj9-15.0.2!/jdk.jsobject" type="simple" />
            <root url="jrt://C:/Users/Majorik/.jdks/adopt-openj9-15.0.2!/jdk.localedata" type="simple" />
            <root url="jrt://C:/Users/Majorik/.jdks/adopt-openj9-15.0.2!/jdk.management" type="simple" />
            <root url="jrt://C:/Users/Majorik/.jdks/adopt-openj9-15.0.2!/jdk.management.agent" type="simple" />
            <root url="jrt://C:/Users/Majorik/.jdks/adopt-openj9-15.0.2!/jdk.naming.dns" type="simple" />
            <root url="jrt://C:/Users/Majorik/.jdks/adopt-openj9-15.0.2!/jdk.naming.rmi" type="simple" />
            <root url="jrt://C:/Users/Majorik/.jdks/adopt-openj9-15.0.2!/jdk.net" type="simple" />
            <root url="jrt://C:/Users/Majorik/.jdks/adopt-openj9-15.0.2!/jdk.nio.mapmode" type="simple" />
            <root url="jrt://C:/Users/Majorik/.jdks/adopt-openj9-15.0.2!/jdk.sctp" type="simple" />
            <root url="jrt://C:/Users/Majorik/.jdks/adopt-openj9-15.0.2!/jdk.security.auth" type="simple" />
            <root url="jrt://C:/Users/Majorik/.jdks/adopt-openj9-15.0.2!/jdk.security.jgss" type="simple" />
            <root url="jrt://C:/Users/Majorik/.jdks/adopt-openj9-15.0.2!/jdk.unsupported" type="simple" />
            <root url="jrt://C:/Users/Majorik/.jdks/adopt-openj9-15.0.2!/jdk.unsupported.desktop" type="simple" />
            <root url="jrt://C:/Users/Majorik/.jdks/adopt-openj9-15.0.2!/jdk.xml.dom" type="simple" />
            <root url="jrt://C:/Users/Majorik/.jdks/adopt-openj9-15.0.2!/jdk.zipfs" type="simple" />
            <root url="jrt://C:/Users/Majorik/.jdks/adopt-openj9-15.0.2!/openj9.cuda" type="simple" />
            <root url="jrt://C:/Users/Majorik/.jdks/adopt-openj9-15.0.2!/openj9.dataaccess" type="simple" />
            <root url="jrt://C:/Users/Majorik/.jdks/adopt-openj9-15.0.2!/openj9.dtfj" type="simple" />
            <root url="jrt://C:/Users/Majorik/.jdks/adopt-openj9-15.0.2!/openj9.dtfjview" type="simple" />
            <root url="jrt://C:/Users/Majorik/.jdks/adopt-openj9-15.0.2!/openj9.gpu" type="simple" />
            <root url="jrt://C:/Users/Majorik/.jdks/adopt-openj9-15.0.2!/openj9.jvm" type="simple" />
            <root url="jrt://C:/Users/Majorik/.jdks/adopt-openj9-15.0.2!/openj9.sharedclasses" type="simple" />
            <root url="jrt://C:/Users/Majorik/.jdks/adopt-openj9-15.0.2!/openj9.traceformat" type="simple" />
            <root url="jrt://C:/Users/Majorik/.jdks/adopt-openj9-15.0.2!/openj9.zosconditionhandling" type="simple" />
          </root>
        </classPath>
        <javadocPath>
          <root type="composite" />
        </javadocPath>
        <sourcePath>
          <root type="composite">
            <root url="jar://$USER_HOME$/.jdks/adopt-openj9-15.0.2/lib/src.zip!/java.se" type="simple" />
            <root url="jar://$USER_HOME$/.jdks/adopt-openj9-15.0.2/lib/src.zip!/jdk.jdi" type="simple" />
            <root url="jar://$USER_HOME$/.jdks/adopt-openj9-15.0.2/lib/src.zip!/jdk.net" type="simple" />
            <root url="jar://$USER_HOME$/.jdks/adopt-openj9-15.0.2/lib/src.zip!/java.rmi" type="simple" />
            <root url="jar://$USER_HOME$/.jdks/adopt-openj9-15.0.2/lib/src.zip!/java.sql" type="simple" />
            <root url="jar://$USER_HOME$/.jdks/adopt-openj9-15.0.2/lib/src.zip!/java.xml" type="simple" />
            <root url="jar://$USER_HOME$/.jdks/adopt-openj9-15.0.2/lib/src.zip!/jdk.jcmd" type="simple" />
            <root url="jar://$USER_HOME$/.jdks/adopt-openj9-15.0.2/lib/src.zip!/jdk.sctp" type="simple" />
            <root url="jar://$USER_HOME$/.jdks/adopt-openj9-15.0.2/lib/src.zip!/java.base" type="simple" />
            <root url="jar://$USER_HOME$/.jdks/adopt-openj9-15.0.2/lib/src.zip!/jdk.jdeps" type="simple" />
            <root url="jar://$USER_HOME$/.jdks/adopt-openj9-15.0.2/lib/src.zip!/jdk.jlink" type="simple" />
            <root url="jar://$USER_HOME$/.jdks/adopt-openj9-15.0.2/lib/src.zip!/jdk.zipfs" type="simple" />
            <root url="jar://$USER_HOME$/.jdks/adopt-openj9-15.0.2/lib/src.zip!/java.prefs" type="simple" />
            <root url="jar://$USER_HOME$/.jdks/adopt-openj9-15.0.2/lib/src.zip!/jdk.attach" type="simple" />
            <root url="jar://$USER_HOME$/.jdks/adopt-openj9-15.0.2/lib/src.zip!/jdk.jshell" type="simple" />
            <root url="jar://$USER_HOME$/.jdks/adopt-openj9-15.0.2/lib/src.zip!/openj9.gpu" type="simple" />
            <root url="jar://$USER_HOME$/.jdks/adopt-openj9-15.0.2/lib/src.zip!/openj9.jvm" type="simple" />
            <root url="jar://$USER_HOME$/.jdks/adopt-openj9-15.0.2/lib/src.zip!/java.naming" type="simple" />
            <root url="jar://$USER_HOME$/.jdks/adopt-openj9-15.0.2/lib/src.zip!/jdk.editpad" type="simple" />
            <root url="jar://$USER_HOME$/.jdks/adopt-openj9-15.0.2/lib/src.zip!/jdk.jartool" type="simple" />
            <root url="jar://$USER_HOME$/.jdks/adopt-openj9-15.0.2/lib/src.zip!/jdk.javadoc" type="simple" />
            <root url="jar://$USER_HOME$/.jdks/adopt-openj9-15.0.2/lib/src.zip!/jdk.xml.dom" type="simple" />
            <root url="jar://$USER_HOME$/.jdks/adopt-openj9-15.0.2/lib/src.zip!/openj9.cuda" type="simple" />
            <root url="jar://$USER_HOME$/.jdks/adopt-openj9-15.0.2/lib/src.zip!/openj9.dtfj" type="simple" />
            <root url="jar://$USER_HOME$/.jdks/adopt-openj9-15.0.2/lib/src.zip!/java.desktop" type="simple" />
            <root url="jar://$USER_HOME$/.jdks/adopt-openj9-15.0.2/lib/src.zip!/java.logging" type="simple" />
            <root url="jar://$USER_HOME$/.jdks/adopt-openj9-15.0.2/lib/src.zip!/jdk.charsets" type="simple" />
            <root url="jar://$USER_HOME$/.jdks/adopt-openj9-15.0.2/lib/src.zip!/jdk.compiler" type="simple" />
            <root url="jar://$USER_HOME$/.jdks/adopt-openj9-15.0.2/lib/src.zip!/jdk.dynalink" type="simple" />
            <root url="jar://$USER_HOME$/.jdks/adopt-openj9-15.0.2/lib/src.zip!/jdk.jconsole" type="simple" />
            <root url="jar://$USER_HOME$/.jdks/adopt-openj9-15.0.2/lib/src.zip!/jdk.jsobject" type="simple" />
            <root url="jar://$USER_HOME$/.jdks/adopt-openj9-15.0.2/lib/src.zip!/java.compiler" type="simple" />
            <root url="jar://$USER_HOME$/.jdks/adopt-openj9-15.0.2/lib/src.zip!/java.net.http" type="simple" />
            <root url="jar://$USER_HOME$/.jdks/adopt-openj9-15.0.2/lib/src.zip!/jdk.crypto.ec" type="simple" />
            <root url="jar://$USER_HOME$/.jdks/adopt-openj9-15.0.2/lib/src.zip!/java.scripting" type="simple" />
            <root url="jar://$USER_HOME$/.jdks/adopt-openj9-15.0.2/lib/src.zip!/jdk.httpserver" type="simple" />
            <root url="jar://$USER_HOME$/.jdks/adopt-openj9-15.0.2/lib/src.zip!/jdk.jdwp.agent" type="simple" />
            <root url="jar://$USER_HOME$/.jdks/adopt-openj9-15.0.2/lib/src.zip!/jdk.localedata" type="simple" />
            <root url="jar://$USER_HOME$/.jdks/adopt-openj9-15.0.2/lib/src.zip!/jdk.management" type="simple" />
            <root url="jar://$USER_HOME$/.jdks/adopt-openj9-15.0.2/lib/src.zip!/jdk.naming.dns" type="simple" />
            <root url="jar://$USER_HOME$/.jdks/adopt-openj9-15.0.2/lib/src.zip!/jdk.naming.rmi" type="simple" />
            <root url="jar://$USER_HOME$/.jdks/adopt-openj9-15.0.2/lib/src.zip!/java.instrument" type="simple" />
            <root url="jar://$USER_HOME$/.jdks/adopt-openj9-15.0.2/lib/src.zip!/java.management" type="simple" />
            <root url="jar://$USER_HOME$/.jdks/adopt-openj9-15.0.2/lib/src.zip!/java.sql.rowset" type="simple" />
            <root url="jar://$USER_HOME$/.jdks/adopt-openj9-15.0.2/lib/src.zip!/java.xml.crypto" type="simple" />
            <root url="jar://$USER_HOME$/.jdks/adopt-openj9-15.0.2/lib/src.zip!/jdk.internal.ed" type="simple" />
            <root url="jar://$USER_HOME$/.jdks/adopt-openj9-15.0.2/lib/src.zip!/jdk.internal.le" type="simple" />
            <root url="jar://$USER_HOME$/.jdks/adopt-openj9-15.0.2/lib/src.zip!/jdk.nio.mapmode" type="simple" />
            <root url="jar://$USER_HOME$/.jdks/adopt-openj9-15.0.2/lib/src.zip!/jdk.unsupported" type="simple" />
            <root url="jar://$USER_HOME$/.jdks/adopt-openj9-15.0.2/lib/src.zip!/openj9.dtfjview" type="simple" />
            <root url="jar://$USER_HOME$/.jdks/adopt-openj9-15.0.2/lib/src.zip!/java.smartcardio" type="simple" />
            <root url="jar://$USER_HOME$/.jdks/adopt-openj9-15.0.2/lib/src.zip!/jdk.internal.opt" type="simple" />
            <root url="jar://$USER_HOME$/.jdks/adopt-openj9-15.0.2/lib/src.zip!/java.datatransfer" type="simple" />
            <root url="jar://$USER_HOME$/.jdks/adopt-openj9-15.0.2/lib/src.zip!/jdk.accessibility" type="simple" />
            <root url="jar://$USER_HOME$/.jdks/adopt-openj9-15.0.2/lib/src.zip!/jdk.crypto.mscapi" type="simple" />
            <root url="jar://$USER_HOME$/.jdks/adopt-openj9-15.0.2/lib/src.zip!/jdk.security.auth" type="simple" />
            <root url="jar://$USER_HOME$/.jdks/adopt-openj9-15.0.2/lib/src.zip!/jdk.security.jgss" type="simple" />
            <root url="jar://$USER_HOME$/.jdks/adopt-openj9-15.0.2/lib/src.zip!/openj9.dataaccess" type="simple" />
            <root url="jar://$USER_HOME$/.jdks/adopt-openj9-15.0.2/lib/src.zip!/java.security.jgss" type="simple" />
            <root url="jar://$USER_HOME$/.jdks/adopt-openj9-15.0.2/lib/src.zip!/java.security.sasl" type="simple" />
            <root url="jar://$USER_HOME$/.jdks/adopt-openj9-15.0.2/lib/src.zip!/openj9.traceformat" type="simple" />
            <root url="jar://$USER_HOME$/.jdks/adopt-openj9-15.0.2/lib/src.zip!/java.management.rmi" type="simple" />
            <root url="jar://$USER_HOME$/.jdks/adopt-openj9-15.0.2/lib/src.zip!/java.transaction.xa" type="simple" />
            <root url="jar://$USER_HOME$/.jdks/adopt-openj9-15.0.2/lib/src.zip!/jdk.crypto.cryptoki" type="simple" />
            <root url="jar://$USER_HOME$/.jdks/adopt-openj9-15.0.2/lib/src.zip!/jdk.internal.jvmstat" type="simple" />
            <root url="jar://$USER_HOME$/.jdks/adopt-openj9-15.0.2/lib/src.zip!/jdk.management.agent" type="simple" />
            <root url="jar://$USER_HOME$/.jdks/adopt-openj9-15.0.2/lib/src.zip!/openj9.sharedclasses" type="simple" />
            <root url="jar://$USER_HOME$/.jdks/adopt-openj9-15.0.2/lib/src.zip!/jdk.incubator.foreign" type="simple" />
            <root url="jar://$USER_HOME$/.jdks/adopt-openj9-15.0.2/lib/src.zip!/jdk.incubator.jpackage" type="simple" />
            <root url="jar://$USER_HOME$/.jdks/adopt-openj9-15.0.2/lib/src.zip!/jdk.unsupported.desktop" type="simple" />
            <root url="jar://$USER_HOME$/.jdks/adopt-openj9-15.0.2/lib/src.zip!/openj9.zosconditionhandling" type="simple" />
          </root>
        </sourcePath>
      </roots>
      <additional />
    </jdk>
    <jdk version="2">
      <name value="Android API 29 Platform" />
      <type value="Android SDK" />
      <version value="version 11.0.11" />
      <homePath value="$USER_HOME$/AppData/Local/Android/Sdk" />
      <roots>
        <annotationsPath>
          <root type="composite">
            <root url="jar://$USER_HOME$/AppData/Local/Android/Sdk/platforms/android-29/data/annotations.zip!/" type="simple" />
          </root>
        </annotationsPath>
        <classPath>
          <root type="composite">
            <root url="jar://$USER_HOME$/AppData/Local/Android/Sdk/platforms/android-29/android.jar!/" type="simple" />
            <root url="file://$USER_HOME$/AppData/Local/Android/Sdk/platforms/android-29/data/res" type="simple" />
          </root>
        </classPath>
        <javadocPath>
          <root type="composite">
            <root url="http://developer.android.com/reference/" type="simple" />
          </root>
        </javadocPath>
        <sourcePath>
          <root type="composite" />
        </sourcePath>
      </roots>
      <additional jdk="Embedded JDK" sdk="android-29" />
    </jdk>
    <jdk version="2">
      <name value="Android API 31 Platform" />
      <type value="Android SDK" />
      <version value="version 11.0.11" />
      <homePath value="$USER_HOME$/AppData/Local/Android/Sdk" />
      <roots>
        <annotationsPath>
          <root type="composite">
            <root url="jar://$USER_HOME$/AppData/Local/Android/Sdk/platforms/android-31/data/annotations.zip!/" type="simple" />
          </root>
        </annotationsPath>
        <classPath>
          <root type="composite">
            <root url="jar://$USER_HOME$/AppData/Local/Android/Sdk/platforms/android-31/android.jar!/" type="simple" />
            <root url="file://$USER_HOME$/AppData/Local/Android/Sdk/platforms/android-31/data/res" type="simple" />
          </root>
        </classPath>
        <javadocPath>
          <root type="composite">
            <root url="http://developer.android.com/reference/" type="simple" />
          </root>
        </javadocPath>
        <sourcePath>
          <root type="composite" />
        </sourcePath>
      </roots>
      <additional jdk="Embedded JDK" sdk="android-31" />
    </jdk>
  </component>
</application>