<application>
  <component name="MaterialThemeConfig">
    <option name="highContrast" value="true" />
    <option name="premium" value="true" />
    <option name="isHighContrast" value="true" />
    <option name="isWizardShown" value="true" />
    <option name="overrideAccentColor" value="false" />
    <option name="pristineConfig" value="false" />
    <option name="useMaterialWallpapers" value="true" />
    <option name="accentColor" value="2c80fe" />
    <option name="selectedTheme" value="ONE_DARK" />
    <option name="userId" value="-69730dfd:179c333ac58:-8000" />
    <option name="version" value="6.9.1" />
  </component>
</application>