<application>
  <component name="UpdatesConfigurable">
    <ignoredBuildNumbers>
      <item value="193.6911.18.40.6514223" />
      <item value="skiaparser;1#4" />
      <item value="system-images;android-21;google_apis;armeabi-v7a#32" />
      <item value="system-images;android-21;google_apis;x86_64#32" />
      <item value="system-images;android-22;google_apis;x86#26" />
      <item value="system-images;android-23;google_apis;x86#33" />
      <item value="system-images;android-24;google_apis;x86#27" />
      <item value="system-images;android-29;google_apis;x86#11" />
    </ignoredBuildNumbers>
    <option name="LAST_BUILD_CHECKED" value="AI-212.5284.40.2112.7855545" />
    <option name="LAST_TIME_CHECKED" value="1637902281118" />
    <option name="THIRD_PARTY_PLUGINS_ALLOWED" value="true" />
  </component>
</application>