<application>
  <component name="AppStorage">
    <histories>
      <item value="Material surface is the central metaphor in material design. Each surface exists at a given elevation, which influences how that piece of surface visually relates to other surfaces and how that surface casts shadows." />
      <item value="Making pair nullable so that new screens won't be forced to have icons." />
      <item value="Redundant label can be removed" />
      <item value="weight" />
      <item value="Have the content fill (possibly only partially) the Constraints.maxHeight of the incoming measurement constraints, by setting the minimum height and the maximum height to be equal to the maximum height multiplied by fraction. Note that, by default, the fraction is 1, so the modifier will make the content fill the whole available height. If the incoming maximum height is Constraints.Infinity this modifier will have no effect." />
      <item value="Добавить настройки для безграничного экрана - добавлен экран с слайдером постеров к фильму для тестирования безграничного экрана - добавлена временная иконка приложения - добавлен временный сплэш скрин" />
      <item value="Содержит превью всех компонентов" />
      <item value="Добавить тест для проверки Koin модулей" />
      <item value="Создать HTTP клиент - добавлены библиотеки Retrofit2 + OkHTTP" />
      <item value="Необходимо имплементировать с помощью implementation(platform(..))" />
      <item value="Добавить feature-модули для работы с TMDB API" />
      <item value="Миграция на Gradle KTS" />
      <item value="whether to register an idling resource when executing this intent. Defaults to true." />
      <item value="Notify any registered observers that the data set has changed. &lt;p&gt;There are two different classes of data change events, item changes and structural changes. Item changes are when a single item has its data updated but no positional changes have occurred. Structural changes are when items are inserted, removed or moved within the data set.&lt;p&gt; &lt;p&gt;This event does not specify what about the data set has changed, forcing any observers to assume that all existing items and structure may no longer be valid. LayoutManagers will be forced to fully rebind and relayout all visible views.&lt;p&gt; &lt;p&gt;&lt;code&gt;RecyclerView&lt;code&gt; will attempt to synthesize visible structural change events for adapters that report that they have {@link hasStableIds() stable IDs} when this method is used. This can help for the purposes of animation and visual object persistence but individual item views will still need to be rebound and relaid out.&lt;p&gt; &lt;p&gt;If you are writing an adapter it will always be more efficient to use the more specific change events if you can. Rely on &lt;code&gt;notifyDataSetChanged()&lt;code&gt; as a last resort.&lt;p&gt;" />
      <item value="notify Data Set Changed" />
      <item value="Called to check whether two objects represent the same item. &lt;p&gt; For example, if your items have unique ids, this method should check their id equality. &lt;p&gt; Note: {@code null} items in the list are assumed to be the same as another {@code null} item and are assumed to not be the same as a non-{@code null} item. This callback will not be invoked for either of those cases." />
      <item value="When {@link areItemsTheSame(int, int)} returns {@code true} for two items and {@link areContentsTheSame(int, int)} returns false for them, DiffUtil calls this method to get a payload about the change. &lt;p&gt; For example, if you are using DiffUtil with {@link RecyclerView}, you can return the particular field that changed in the item and your {@link RecyclerView.ItemAnimator ItemAnimator} can use that information to run the correct animation." />
      <item value="DiffUtil uses this method to check equality instead of {@link Objectequals(Object)} so that you can change its behavior depending on your UI. For example, if you are using DiffUtil with a {@link RecyclerView.Adapter RecyclerView.Adapter}, you should return whether the items' visual representations are the same. &lt;p&gt;" />
      <item value="Called by the DiffUtil when it wants to check whether two items have the same data. DiffUtil uses this information to detect if the contents of an item has changed. &lt;p&gt; DiffUtil uses this method to check equality instead of {@link Objectequals(Object)} so that you can change its behavior depending on your UI. For example, if you are using DiffUtil with a {@link RecyclerView.Adapter RecyclerView.Adapter}, you should return whether the items' visual representations are the same. &lt;p&gt; This method is called only if {@link areItemsTheSame(int, int)} returns {@code true} for these items." />
      <item value="This method is called only if {@link areItemsTheSame(int, int)} returns {@code true} for these items." />
      <item value="Called by the DiffUtil when it wants to check whether two items have the same data. DiffUtil uses this information to detect if the contents of an item has changed. &lt;p&gt; DiffUtil uses this method to check equality instead of {@link Objectequals(Object)} so that you can change its behavior depending on your UI. For example, if you are using DiffUtil with a {@link RecyclerView.Adapter RecyclerView.Adapter}, you should return whether the items' visual representations are the same." />
      <item value="Called by the DiffUtil to decide whether two object represent the same Item. &lt;p&gt; For example, if your items have unique ids, this method should check their id equality." />
      <item value="Callback for calculating the diff between two non-null items in a list. &lt;p&gt; {@link Callback} serves two roles - list indexing, and item diffing. ItemCallback handles just the second of these, which allows separation of code that indexes into an array or List from the presentation-layer and content specific diffing code." />
      <item value="A Callback class used by DiffUtil while calculating the diff between two lists." />
      <item value="{@link Callback} serves two roles - list indexing, and item diffing. ItemCallback handles just the second of these, which allows separation of code that indexes into an array or List from the presentation-layer and content specific diffing code." />
      <item value="Callback for calculating the diff between two non-null items in a list." />
      <item value="Ensures that job in the current context is [active][Job.isActive]." />
      <item value="This method is a drop-in replacement for the following code, but with more precise exception:" />
      <item value="Ensures that current job is [active][Job.isActive]. If the job is no longer active, throws [CancellationException]. If the job was cancelled, thrown exception contains the original cancellation cause. This method is a drop-in replacement for the following code, but with more precise exception:" />
      <item value="hen [concurrency] is greater than 1, this operator is [buffered][buffer] by default and size of its output buffer can be changed by applying subsequent [buffer] operator." />
      <item value="If [concurrency] is more than 1, then inner flows are be collected by this operator concurrently. With `concurrency == 1` this operator is identical to [flattenConcat]." />
      <item value="Flattens the given flow of flows into a single flow in a sequentially manner, without interleaving nested flows. This method is conceptually identical to `flattenMerge(concurrency = 1)` but has faster implementation. Inner flows are collected by this operator sequentially." />
      <item value="Flattens the given flow of flows into a single flow with a [concurrency] limit on the number of concurrently collected flows. If [concurrency] is more than 1, then inner flows are be collected by this operator concurrently. With `concurrency == 1` this operator is identical to [flattenConcat]. Operator fusion Applications of [flowOn], [buffer], and [produceIn] _after_ this operator are fused with its concurrent merging so that only one properly configured channel is used for execution of merging logic. When [concurrency] is greater than 1, this operator is [buffered][buffer] by default and size of its output buffer can be changed by applying subsequent [buffer] operator. @param concurrency controls the number of in-flight flows, at most [concurrency] flows are collected at the same time. By default it is equal to [DEFAULT_CONCURRENCY]." />
      <item value="Creates a [CoroutineScope] and calls the specified suspend block with this scope. The provided scope inherits its [coroutineContext][CoroutineScope.coroutineContext] from the outer scope, but overrides the context's [Job]. This function is designed for _parallel decomposition_ of work. When any child coroutine in this scope fails, this scope fails and all the rest of the children are cancelled (for a different behavior see [supervisorScope]). This function returns as soon as the given block and all its children coroutines are completed. A usage example of a scope looks like this:" />
      <item value="Awaits for completion of this value without blocking a thread and resumes when deferred computation is complete, returning the resulting value or throwing the corresponding exception if the deferred was cancelled. This suspending function is cancellable. If the [Job] of the current coroutine is cancelled or completed while this suspending function is waiting, this function immediately resumes with [CancellationException]. There is a prompt cancellation guarantee. If the job was cancelled while this function was suspended, it will not resume successfully. See [suspendCancellableCoroutine] documentation for low-level details. This function can be used in [select] invocation with [onAwait] clause. Use [isCompleted] to check for completion of this deferred value without waiting." />
      <item value="Causes the Runnable r to be added to the message queue, to be run after the specified amount of time elapses. The runnable will be run on the thread to which this handler is attached. &lt;b&gt;The time-base is {@link android.os.SystemClockuptimeMillis}.&lt;b&gt; Time spent in deep sleep will add an additional delay to execution." />
      <item value="Boolean internal attribute to adjust view layout based on system windows such as the status bar. If true, adjusts the padding of this view to leave space for the system windows. Will only take effect if this view is in a non-embedded activity. --&gt;" />
      <item value="&lt;!-- Flag indicating whether there should be no title on this window. --&gt;" />
      <item value="A handle to saved state passed down to {@link androidx.lifecycle.ViewModel}. You should use {@link SavedStateViewModelFactory} if you want to receive this object in {@code ViewModel}'s constructor. &lt;p&gt; This is a key-value map that will let you write and retrieve objects to and from the saved state. These values will persist after the process is killed by the system and remain available via the same object. &lt;p&gt; You can read a value from it via {@link get(String)} or observe it via {@link androidx.lifecycle.LiveData} returned by {@link getLiveData(String)}. &lt;p&gt; You can write a value to it via {@link set(String, Object)} or setting a value to {@link androidx.lifecycle.MutableLiveData} returned by {@link getLiveData(String)}." />
      <item value="It is not fully supported to define distributionSha256Sum in gradle\wrapper\gradle-wrapper.properties. Using an incorrect value may freeze or crash Android Studio. Please manually verify or remove this property from all of included projects if applicable." />
      <item value="Launches and runs the given block when the [Lifecycle] controlling this [LifecycleCoroutineScope] is at least in [Lifecycle.State.CREATED] state. The returned [Job] will be cancelled when the [Lifecycle] is destroyed." />
      <item value="Buffers flow emissions via channel of a specified capacity and runs collector in a separate coroutine." />
      <item value="The terminal operator that awaits for one and only one value to be emitted. Throws [NoSuchElementException] for empty flow and [IllegalStateException] for flow that contains more than one element." />
      <item value="Returns a flow containing the results of applying the given [transform] function to each value of the original flow." />
      <item value="map" />
      <item value="configures an [emit][MutableSharedFlow.emit] action on buffer overflow. Optional, defaults to [suspending][BufferOverflow.SUSPEND] attempts to emit a value. Values other than [BufferOverflow.SUSPEND] are supported only when `replay &gt; 0` or `extraBufferCapacity &gt; 0`. Buffer overflow can happen only when there is at least one subscriber that is not ready to accept the new value. In the absence of subscribers only the most recent [replay] values are stored and the buffer overflow behavior is never triggered and has no effect." />
      <item value="the number of values buffered in addition to `replay`. [emit][MutableSharedFlow.emit] does not suspend while there is a buffer space remaining (optional, cannot be negative, defaults to zero)." />
      <item value="the number of values replayed to new subscribers (cannot be negative, defaults to zero)." />
      <item value="public" />
      <item value="Shared Flow" />
    </histories>
    <option name="languageScores">
      <map>
        <entry key="ENGLISH" value="82" />
        <entry key="RUSSIAN" value="82" />
      </map>
    </option>
  </component>
  <component name="Cache">
    <option name="lastTrimTime" value="1637675937898" />
  </component>
</application>